ID,Name,PC1,PC2,PC3,PC4,PC5,Quadrant,Octant,MP,BP,Density,Dielectric,ETN,Refractive Index,Hildebrand,Hansen Disp,Hansen Polar,Hansen H-Bond,Gutmann,Dipole,Solvatochromic Pi*,Solvatochromic Alpha,Solvatochromic Beta,log Pow,Abraham R2,Abraham Pi,Abraham AH,Abraham BH,Abraham L16,Abraham Vx,Auto-Ignition,T-Rating,Flash Point,Flammability,Flammability Score,Vapour Pressure,VOC Potential,Viscosity,Viscosity Score,Hvap,Heat Capacity,Static,Solubility of Water,Miscibility,ICH Class,ICH Limit,Health_old,Impact in Air,Impact in Water,LCA,SMILES,InChIKey,InChI,CAS,Formula,Mol. Wt.,General,Environmental,Environmental Link,Reactivity,Reactivity Literature,Avoidance,Acid,Alcohol,Alkene,Anhydride,Amide,1°Amide,2°Amide,3°Amide,Amine,1°Amine,2°Amine,3°Amine,Heteroaromatic Amines,Anilines,Nitrogen Bases,Aromatic,Carbonate,Ester,Ether,Ketone/Aldehyde,Halogen,Chloro,Fluoro,Hydrocarbon,Nitrile,Nitro,Phosphorus Containing,Sulfur Containing,Sulfide,Sulfoxide,Sulfite,Sulfone,Urea,Silicone,Other,Safety,Health,Environment,Default ranking,Adjusted ranking
155,"(2,2-Dimethyl-1,3-dioxolan-4-yl)methanol",-3.37704,2.79453,2.00933,0.16007,-0.215957,3,7,-27.0,189.0,1.064,,,1.434,,,,,,,,,,0.06,,,,,,1.022,,Not Assigned,90,Class IIIA,1,,,,,,,,,Y,,,Not Assigned,,,,OCC1COC(O1)(C)C,RNVYQYLELCKWAN-UHFFFAOYSA-N,"InChI=1S/C6H12O3/c1-6(2)8-4-5(3-7)9-6/h5,7H,3-4H2,1-2H3",100-79-8,C6H12O3,132.158,,,,Can react under acidic conditions,,N,N,Y,N,N,N,N,N,N,N,N,N,N,N,N,N,N,N,N,Y,N,N,N,N,N,N,N,N,N,N,N,N,N,N,N,Y,2,5,7,Problematic,Problematic
160,"(E)-1,2-Dichloroethene",0.491969,-5.33024,-1.52464,1.85403,0.440174,2,2,-81.5,60.2,1.276,9.2,,1.449,9.5,,,,0.0,2.95,,,,1.86,0.43,0.41,0.09,0.05,2.28,0.592,460,T1,4,Class IB,3,163.1,3,0.412,0,247,901,,,N,,,Not Assigned,,,,Cl/C=C/Cl,KFUSEUYYWQURPO-OWOJBTEDSA-N,InChI=1S/C2H2Cl2/c3-1-2-4/h1-2H/b2-1+,156-59-2,C2H2Cl2,96.943,,,,,,Y,N,N,Y,N,N,N,N,N,N,N,N,N,N,N,N,N,N,N,N,N,Y,Y,N,N,N,N,N,N,N,N,N,N,N,N,N,5,6,7,Problematic,Problematic
234,(Trifluoromethoxy)benzene [Trifluoromethylphenyl ether],5.24751,-2.66385,0.336053,0.731527,0.321168,2,6,,103.0,1.226,,,1.406,,,,,,,,,,,,,,,,0.969,,Not Assigned,,Not Assigned,Not Assigned,,,,,,,,,N,,,Not Assigned,,,,FC(Oc1ccccc1)(F)F,GQHWSLKNULCZGI-UHFFFAOYSA-N,"InChI=1S/C7H5F3O/c8-7(9,10)11-6-4-2-1-3-5-6/h1-5H",22699-70-3,C7H5F3O,162.109,,,,,,N,N,N,N,N,N,N,N,N,N,N,N,N,N,N,N,Y,N,N,Y,N,Y,N,Y,N,N,N,N,N,N,N,N,N,N,N,N,6,5,5,Problematic,Problematic
161,"(Z)-1,2-Dichloroethene",2.03275,-5.64124,-0.768073,0.930582,-0.665294,2,2,-49.4,47.7,1.246,2.3,,1.446,9.1,,,,0.0,0.0,0.44,0.0,0.0,1.93,0.44,0.61,0.11,0.05,2.44,0.592,460,T1,2,Class IB,3,270.5,3,0.466,0,287,917,,,N,,,Not Assigned,,,,Cl/C=C\Cl,KFUSEUYYWQURPO-UPHRSURJSA-N,InChI=1S/C2H2Cl2/c3-1-2-4/h1-2H/b2-1-,156-60-5,C2H2Cl2,96.943,,,,,,Y,N,N,Y,N,N,N,N,N,N,N,N,N,N,N,N,N,N,N,N,N,Y,Y,N,N,N,N,N,N,N,N,N,N,N,N,N,5,6,5,Problematic,Problematic
202,1-Butylamine,-2.53329,1.25937,-1.86475,-2.90118,-2.33359,3,3,-49.1,77.4,0.73,,,1.4,8.7,7.9,2.2,3.9,42.0,1.39,,,0.72,0.86,0.22,0.35,0.16,0.61,2.62,0.772,312,T2,-12,Class IB,3,71.6,2,0.504,0,738,3501,,,N,,,Not Assigned,,,,CCCCN,HQABUPZFAYXKJW-UHFFFAOYSA-N,"InChI=1S/C4H11N/c1-2-3-4-5/h2-5H2,1H3",109-73-9,C4H11N,73.137,,,,,,N,N,N,N,N,N,N,N,N,Y,Y,N,N,N,N,Y,N,N,N,N,N,N,N,N,N,N,N,N,N,N,N,N,N,N,N,N,5,10,5,Hazardous,Hazardous
194,1-Heptanol,-0.533689,0.91061,4.09596,-0.810862,-0.774663,0,7,-34.0,176.2,0.82,,0.55,1.42,10.5,,,,,1.74,,,,2.62,,,,,,1.154,282,T3,77,Class IIIA,1,0.2,1,7.039,1,1485,2828,,,N,,,Not Assigned,,,,CCCCCCCO,BBMCTIGTTCKYKF-UHFFFAOYSA-N,"InChI=1S/C7H16O/c1-2-3-4-5-6-7-8/h8H,2-7H2,1H3",111-70-6,C7H16O,116.201,,,,,,N,N,Y,N,N,N,N,N,N,N,N,N,N,N,N,N,N,N,N,N,N,N,N,N,N,N,N,N,N,N,N,N,N,N,N,N,1,2,5,Recommended,Recommended
196,1-Hexanol,-1.71547,0.0633819,3.42011,-0.979458,-0.868482,0,7,-44.6,157.0,0.82,,0.6,1.42,10.8,,,,,1.65,,,,2.03,,,,,,1.013,285,T3,63,Class IIIA,1,0.7,1,5.275,1,1183,2859,,,N,,,Not Assigned,,,,CCCCCCO,ZSIAUFGUXNUGDI-UHFFFAOYSA-N,"InChI=1S/C6H14O/c1-2-3-4-5-6-7/h7H,2-6H2,1H3",111-27-3,C6H14O,102.175,,,,,,N,N,Y,N,N,N,N,N,N,N,N,N,N,N,N,N,N,N,N,N,N,N,N,N,N,N,N,N,N,N,N,N,N,N,N,N,3,5,5,Problematic,Problematic
126,1-Methoxypropan-2-ol,-2.86796,0.209277,-1.13539,-1.44295,0.185015,3,3,-96.7,120.6,0.92,,,1.4,10.4,,,,,2.4,,,,,,,,,,0.79,287,T3,32,Class IC,3,7.9,1,1.904,1,828,,,,Y,,,Not Assigned,,,,COCC(O)C,ARXJGSRGQADJSQ-UHFFFAOYSA-N,"InChI=1S/C4H10O2/c1-4(5)3-6-2/h4-5H,3H2,1-2H3",107-98-2,C4H10O2,90.121,Racemic mixture - are you forming a chiral centre ?,More polar analogue of  IPA - Propylene glycol ethers offer better safety profile than ethylene glycol analogues.,http://msdssearch.dow.com/PublishedLiteratureDOWCOM/dh_08ad/0901b803808ad674.pdf?filepath=oxysolvents/pdfs/noreg/110-00617.pdf&fromPage=GetDoc,,,N,N,Y,N,N,N,N,N,N,N,N,N,N,N,N,N,N,N,N,Y,N,N,N,N,N,N,N,N,N,N,N,N,N,N,N,N,3,2,3,Recommended,Recommended
156,1-Methyl-4-(prop-1-en-2-yl)cyclohex-1-ene [D-Limonene],7.08493,-0.644653,0.563942,1.22877,-1.57243,2,6,-74.2,176.5,0.84,,,1.47,8.2,,,,,1.57,,,,,,,,,,1.323,237,T3,45,Class II,2,1.5,1,0.93,0,288,2147,,,N,,,Not Assigned,,,,CC1=CCC(CC1)C(=C)C,XMGQYMWWDOXHJM-UHFFFAOYSA-N,"InChI=1S/C10H16/c1-8(2)10-6-4-9(3)5-7-10/h4,10H,1,5-7H2,2-3H3",5989-27-5,C10H16,136.234,Chiral solvent - Could be problematic for asymmetric reactions.,,,,,N,N,N,Y,N,N,N,N,N,N,N,N,N,N,N,N,N,N,N,N,N,N,N,N,N,N,N,N,N,N,N,N,N,N,N,N,4,2,7,Problematic,Problematic
151,1-Methylazepan-2-one [N-Methylcaprolactam],-2.14404,4.21566,-2.4185,0.486245,-0.358426,3,3,,107.0,1.013,,0.34,1.483,,,,,27.1,4.23,,,,,,,,,,1.102,,Not Assigned,103,Class IIIB,1,,,,,,,,,Not Determined,,,Not Assigned,,,,CN1CCCCCC1=O,ZWXPDGCFMMFNRW-UHFFFAOYSA-N,"InChI=1S/C7H13NO/c1-8-6-4-2-3-5-7(8)9/h2-6H2,1H3",2556-73-2,C7H13NO,127.184,,,,,,N,N,N,N,N,Y,N,N,Y,N,N,N,N,N,N,N,N,N,N,N,N,N,N,N,N,N,N,N,N,N,N,N,N,N,N,N,2,5,7,Problematic,Problematic
206,1-Nitropropane,-0.638764,-2.65281,-1.96557,0.844981,3.29501,1,1,-104.0,131.2,1.0,,,1.4,10.4,,,,,3.66,,,,0.87,0.24,0.95,0.0,0.31,2.89,0.706,421,T2,36,Class IC,3,7.3,1,0.842,0,351,1871,,,N,,,Not Assigned,,,,[O-][N+](=O)CCC,JSZOAYXJRCEYSX-UHFFFAOYSA-N,"InChI=1S/C3H7NO2/c1-2-3-4(5)6/h2-3H2,1H3",108-03-2,C3H7NO2,89.093,,,,,,N,N,N,N,N,N,N,N,N,N,N,N,N,N,N,N,N,N,N,N,N,N,N,N,N,N,Y,N,N,N,N,N,N,N,N,N,4,6,5,Problematic,Problematic
187,1-Nonanol,2.0427,2.62706,5.52872,-0.425519,-0.637282,4,8,-5.0,213.5,0.82,,,1.43,10.1,,,,,1.61,,,,4.02,,,,,,1.435,277,T3,74,Class IIIA,1,0.0,1,11.131,2,1565,2821,,,N,,,Not Assigned,,,,CCCCCCCCCO,ZWRUINPWMLAQRD-UHFFFAOYSA-N,"InChI=1S/C9H20O/c1-2-3-4-5-6-7-8-9-10/h10H,2-9H2,1H3",143-08-8,C9H20O,144.254,,,,,,N,N,Y,N,N,N,N,N,N,N,N,N,N,N,N,N,N,N,N,N,N,N,N,N,N,N,N,N,N,N,N,N,N,N,N,N,1,5,7,Problematic,Problematic
3,"1,1-Dichloroethane",0.884069,-5.24096,-1.47983,0.228239,2.12883,2,2,-97.0,57.3,1.168,10.0,0.27,1.416,8.9,8.1,4.0,0.2,,2.35,,,,1.79,0.32,0.49,0.1,0.1,2.32,0.635,458,T1,-12,Class IB,3,181.4,3,0.488,0,192,1089,,5.45,N,,,Not Assigned,,,,CC(Cl)Cl,SCYULBFZEHDVBN-UHFFFAOYSA-N,"InChI=1S/C2H4Cl2/c1-2(3)4/h2H,1H3",75-34-3,C2H4Cl2,98.959,,,,,,Y,N,N,N,N,N,N,N,N,N,N,N,N,N,N,N,N,N,N,N,N,Y,Y,N,N,N,N,N,N,N,N,N,N,N,N,N,5,3,5,Problematic,Problematic
4,"1,1-Dichloroethene",1.42072,-6.41141,-1.7826,-0.47086,1.38552,2,2,-122.6,31.6,1.175,4.8,0.19,1.425,8.5,8.3,3.3,2.2,,1.25,,,,2.13,0.36,0.34,0.0,0.05,2.11,0.592,570,T1,-22,Class IA,3,495.6,3,0.331,0,197,967,,2.09,N,1,8,Not Assigned,,,,ClC(=C)Cl,LGXVIGDEPROXKC-UHFFFAOYSA-N,InChI=1S/C2H2Cl2/c1-2(3)4/h1H2,75-35-4,C2H2Cl2,96.943,,,,,,Y,N,N,Y,N,N,N,N,N,N,N,N,N,N,N,N,N,N,N,N,N,Y,Y,N,N,N,N,N,N,N,N,N,N,N,N,N,6,7,7,Hazardous,Hazardous
1,"1,1,1-Trichloroethane",3.00518,-4.57856,-1.29164,0.547217,1.42287,2,2,-30.4,74.1,1.339,7.3,0.17,1.438,8.4,8.3,2.1,1.0,,1.9,0.49,0.0,0.0,2.49,0.37,0.41,0.0,0.09,2.73,0.758,537,T1,,Not Assigned,Not Assigned,98.7,2,0.853,0,137,806,,0.88,N,1,1500,Not Assigned,,,,CC(Cl)(Cl)Cl,UOCLXMDMGBRAIB-UHFFFAOYSA-N,"InChI=1S/C2H3Cl3/c1-2(3,4)5/h1H3",71-55-6,C2H3Cl3,133.404,,,,,,Y,N,N,N,N,N,N,N,N,N,N,N,N,N,N,N,N,N,N,N,N,Y,Y,N,N,N,N,N,N,N,N,N,N,N,N,N,6,7,10,Hazardous,Hazardous
150,"1,1,1,3,3,3-Hexafluoropropan-2-ol",-7.26762,-8.20768,11.9645,-1.99806,-0.023481,1,5,-4.0,57.5,1.596,,1.07,1.275,,,,,,,0.65,1.96,0.0,1.66,,,,,,0.696,,Not Assigned,4,Class IB,3,,,,,,,,,Y,,,Not Assigned,,,,OC(C(F)(F)F)C(F)(F)F,BYEAHWXPCBROCE-UHFFFAOYSA-N,"InChI=1S/C3H2F6O/c4-2(5,6)1(10)3(7,8)9/h1,10H",920-66-1,C3H2F6O,168.038,,,,"Good ionising solvent, low nucleophilicity  - cost, availability ?",,N,N,Y,N,N,N,N,N,N,N,N,N,N,N,N,N,N,N,N,N,N,Y,N,Y,N,N,N,N,N,N,N,N,N,N,N,N,1,8,5,Hazardous,Hazardous
224,"1,1,2-Trichloroethane",1.00541,-3.95074,0.821477,2.90385,2.20218,2,6,-35.5,113.8,1.432,7.3,,1.471,9.9,,,,,1.36,,,,2.38,0.5,0.68,0.13,0.08,3.29,0.758,460,T1,,Not Assigned,Not Assigned,18.5,1,1.152,1,198,735,,,N,,,Not Assigned,,,,ClCC(Cl)Cl,UBOXGVDOUJQMTN-UHFFFAOYSA-N,"InChI=1S/C2H3Cl3/c3-1-2(4)5/h2H,1H2",79-00-5,C2H3Cl3,133.404,,,,,,Y,N,N,N,N,N,N,N,N,N,N,N,N,N,N,N,N,N,N,N,N,Y,Y,N,N,N,N,N,N,N,N,N,N,N,N,N,2,6,5,Problematic,Problematic
221,"1,1,2,2-Tetrachloroethane",1.24996,-3.99565,2.62537,3.27509,0.920927,2,6,-42.5,146.3,1.587,8.4,0.27,1.494,9.8,9.2,2.5,4.6,,1.33,0.95,,0.0,2.39,,,,,,0.88,,Not Assigned,,Not Assigned,Not Assigned,4.3,1,1.723,1,112,620,,,N,,,Not Assigned,,,,ClC(C(Cl)Cl)Cl,QPFMBZIOSGYJDE-UHFFFAOYSA-N,InChI=1S/C2H2Cl4/c3-1(4)2(5)6/h1-2H,79-34-5,C2H2Cl4,167.849,,,,,,Y,N,N,N,N,N,N,N,N,N,N,N,N,N,N,N,N,N,N,N,N,Y,Y,N,N,N,N,N,N,N,N,N,N,N,N,N,2,9,7,Hazardous,Hazardous
231,"1,2-Diacetoxypropane",0.930551,3.81141,0.543572,-0.460096,2.31403,4,8,-31.0,186.0,1.06,,,1.413,,,,,,,,,,,,,,,,1.244,,Not Assigned,,Not Assigned,Not Assigned,,,,,,,,,N,,,Not Assigned,,,,CC(=O)OCC(OC(=O)C)C,MLHOXUWWKVQEJB-UHFFFAOYSA-N,"InChI=1S/C7H12O4/c1-5(11-7(3)9)4-10-6(2)8/h5H,4H2,1-3H3",623-84-7,C7H12O4,160.168,Racemic mixture - Could be problematic for asymmetric reactions.,,,,,N,N,N,N,N,N,N,N,N,N,N,N,N,N,N,N,N,N,Y,N,N,N,N,N,N,N,N,N,N,N,N,N,N,N,N,N,1,5,5,Problematic,Problematic
5,"1,2-Diaminoethane",-8.92429,4.69006,-3.0658,-1.42983,-3.29467,3,3,11.1,117.0,0.899,12.9,0.35,1.457,12.4,8.1,4.3,8.3,55.0,1.9,,,,-2.04,,,,,,0.59,385,T2,33,Class IC,3,8.5,1,1.586,1,995,3188,,,Y,,,Not Assigned,,,,NCCN,PIICEJLVQHRZGT-UHFFFAOYSA-N,InChI=1S/C2H8N2/c3-1-2-4/h1-4H2,107-15-3,C2H8N2,60.098,,REACH Candidate list - consider alternatives,,,,N,N,N,N,N,N,N,N,N,Y,Y,N,N,N,N,Y,N,N,N,N,N,N,N,N,N,N,N,N,N,N,N,N,N,N,N,N,3,7,5,Problematic,Problematic
6,"1,2-Dichlorobenzene",3.6549,-2.17616,-0.77478,4.76397,0.167424,2,2,-17.0,180.5,1.3,10.4,0.225,1.552,10.0,9.4,3.1,1.6,3.0,2.53,0.8,0.0,,3.38,0.87,0.78,0.0,0.04,4.52,0.961,648,T1,66,Class IIIA,1,1.2,1,1.429,1,209,888,,0.14,N,,,Not Assigned,,,,Clc1ccccc1Cl,RFFLAFLAYFXFSW-UHFFFAOYSA-N,InChI=1S/C6H4Cl2/c7-5-3-1-2-4-6(5)8/h1-4H,95-50-1,C6H4Cl2,147.002,,,,,,Y,N,N,N,N,N,N,N,N,N,N,N,N,N,N,N,Y,N,N,N,N,Y,Y,N,N,N,N,N,N,N,N,N,N,N,N,N,2,2,7,Problematic,Problematic
7,"1,2-Dichloroethane",0.449577,-4.90128,-1.44113,1.87061,2.20725,2,2,-35.7,83.7,1.246,10.7,0.327,1.445,9.9,9.3,3.6,2.0,0.1,1.6,0.81,0.0,0.0,1.48,0.42,0.64,0.1,0.11,2.57,0.635,413,T2,13,Class IB,3,62.0,2,0.823,0,372,1045,,8.01,N,1,5,Not Assigned,,,,ClCCCl,WSLDOOZREJYCGB-UHFFFAOYSA-N,InChI=1S/C2H4Cl2/c3-1-2-4/h1-2H2,107-06-2,C2H4Cl2,98.959,,REACH Candidate list - consider alternatives,,,,Y,N,N,N,N,N,N,N,N,N,N,N,N,N,N,N,N,N,N,N,N,Y,Y,N,N,N,N,N,N,N,N,N,N,N,N,N,4,10,3,Hazardous,Highly Hazardous
125,"1,2-Dimethoxypropane",-0.912612,1.09046,-2.00441,-2.44695,-0.53803,0,0,,96.0,0.855,,,1.385,,,,,,,,,,,,,,,,0.931,410,T2,1,Class IB,3,,,0.687,0,338,2346,,,N,,,Not Assigned,,,,COCC(OC)C,LEEANUDEDHYDTG-UHFFFAOYSA-N,"InChI=1S/C5H12O2/c1-5(7-3)4-6-2/h5H,4H2,1-3H3",7778-85-0,C5H12O2,104.148,Racemic mixture - are you forming a chiral centre ?,Homologue of DME.  Propylene glycol ethers offer better safety profile than ethylene glycol analogues,,,,N,N,N,N,N,N,N,N,N,N,N,N,N,N,N,N,N,N,N,Y,N,N,N,N,N,N,N,N,N,N,N,N,N,N,N,N,6,5,5,Problematic,Problematic
143,"1,2,3,4,5-Pentafluoro-6-(trifluoromethyl)benzene [Perfluorotoluene]",6.29549,-2.97366,0.992833,-0.417502,1.16316,2,6,-66.0,104.0,1.666,,,1.368,,,,,,,,,,,,,,,,0.999,,Not Assigned,20,Class IB,3,,,,,,,,,N,,,Not Assigned,,,,Fc1c(F)c(F)c(c(c1F)C(F)(F)F)F,USPWUOFNOTUBAD-UHFFFAOYSA-N,"InChI=1S/C7F8/c8-2-1(7(13,14)15)3(9)5(11)6(12)4(2)10",434-64-0,C7F8,236.062,,,,,,N,N,N,N,N,N,N,N,N,N,N,N,N,N,N,N,Y,N,N,N,N,Y,N,Y,N,N,N,N,N,N,N,N,N,N,N,N,2,2,5,Recommended,Recommended
146,"1,3-Dichlorobenzene",4.74542,-1.67792,0.091056,4.43084,-0.0737213,2,6,-24.8,171.2,1.283,5.2,0.185,1.546,9.8,,,,2.0,1.68,0.67,0.0,,3.48,0.85,0.73,0.0,0.02,4.41,0.961,647,T1,72,Class IIIA,1,1.7,1,1.129,1,212,897,,,N,,,Not Assigned,,,,Clc1cccc(c1)Cl,ZPQOPVIELGIULI-UHFFFAOYSA-N,InChI=1S/C6H4Cl2/c7-5-2-1-3-6(8)4-5/h1-4H,541-73-1,C6H4Cl2,147.002,,,,,,Y,N,N,N,N,N,N,N,N,N,N,N,N,N,N,N,Y,N,N,N,N,Y,Y,N,N,N,N,N,N,N,N,N,N,N,N,N,2,5,7,Problematic,Problematic
123,"1,3-Dioxolane",-2.90482,-2.5993,-2.99917,-1.09752,-0.102012,1,1,,75.6,1.059,,0.383,1.404,11.3,,,,,1.19,,,,-0.37,,,,,,0.54,274,T3,-3,Class IB,3,,,,,,,,,Y,,,Not Assigned,,,,C1OCCO1,WNXJIVFYUVYPPR-UHFFFAOYSA-N,InChI=1S/C3H6O2/c1-2-5-3-4-1/h1-3H2,646-06-0,C3H6O2,74.079,,,,Can react under acidic conditions,,N,N,N,N,N,N,N,N,N,N,N,N,N,N,N,N,N,N,N,Y,N,N,N,N,N,N,N,N,N,N,N,N,N,N,N,N,7,10,5,Hazardous,Hazardous
139,"1,3-Dithiolane",1.96463,-1.62147,-1.88487,5.26654,-1.18131,2,2,,183.0,1.235,,,1.599,,,,,,,,,,,,,,,,0.75,274,T3,68,Class IIIA,1,,,,,,,,,Not Determined,,,Not Assigned,,,,C1SCCS1,IMLSAISZLJGWPP-UHFFFAOYSA-N,InChI=1S/C3H6S2/c1-2-5-3-4-1/h1-3H2,4829-04-3,C3H6S2,106.21,,,,,,N,N,N,N,N,N,N,N,N,N,N,N,N,N,N,N,N,N,N,N,N,N,N,N,N,N,N,N,Y,Y,N,N,N,N,N,N,2,5,7,Problematic,Problematic
141,"1,3,2-Dioxathiolane-2-oxide",-1.29881,-2.5432,-1.95029,2.94897,2.74482,1,1,,159.0,1.429,,,,,,,,,,,,,,,,,,,0.621,,Not Assigned,91,Class IIIA,1,,,,,,,,,N,,,Not Assigned,,,,O=S1OCCO1,WDXYVJKNSMILOQ-UHFFFAOYSA-N,InChI=1S/C2H4O3S/c3-6-4-1-2-5-6/h1-2H2,3741-38-6,C2H4O3S,108.116,,,,,,N,N,N,N,N,N,N,N,N,N,N,N,N,N,N,N,N,N,N,N,N,N,N,N,N,N,N,N,Y,N,N,Y,N,N,N,N,1,5,7,Problematic,Problematic
12,"1,4-Dioxane",-0.886957,0.203646,-1.94311,-1.54976,-1.13652,0,0,11.8,101.3,1.028,2.3,0.164,1.422,10.1,9.3,0.9,3.6,14.8,0.46,0.55,0.0,0.37,-0.27,0.33,0.75,0.0,0.64,2.89,0.681,180,T4,12,Class IB,3,28.8,2,1.297,1,309,6483,3,1035.14,Y,2,380,3,1,2,,O1CCOCC1,RYHBNJHYFVUHQT-UHFFFAOYSA-N,InChI=1S/C4H8O2/c1-2-6-4-3-5-1/h1-4H2,123-91-1,C4H8O2,88.105,Static Risk,,,,,N,N,N,N,N,N,N,N,N,N,N,N,N,N,N,N,N,N,N,Y,N,N,N,N,N,N,N,N,N,N,N,N,N,N,N,N,7,6,3,Problematic,Hazardous
158,"1,8-Diazabicycloundec-7-ene [DBU]",-1.04243,8.08654,-1.61077,0.424958,-3.57208,3,3,-70.0,261.0,1.018,,,1.523,,,,,,,,,,,,,,,,1.316,260,T3,116,Class IIIB,1,,,,,,,,,N,,,Not Assigned,,,,C1CCN2C(=NCCC2)CC1,GQHTUMJGOHRCHB-UHFFFAOYSA-N,InChI=1S/C9H16N2/c1-2-5-9-10-6-4-8-11(9)7-3-1/h1-8H2,6674-22-2,C9H16N2,152.237,,,,,,N,N,N,N,N,N,N,N,N,N,N,N,N,N,N,Y,N,N,N,N,N,N,N,N,N,N,N,N,N,N,N,N,N,N,N,N,5,6,5,Problematic,Problematic
227,2-Amino-2-methylpropane [tert-Butylamine],-2.57619,1.22966,-2.56097,-3.56882,-2.37864,3,3,-67.0,44.4,0.69,,0.19,1.38,7.7,,,,57.5,1.29,,,,0.4,,,,,,0.772,375,T2,-9,Class IB,3,302.1,3,0.482,0,534,3793,,,Y,,,Not Assigned,,,,CC(N)(C)C,YBRBMKDOPFTVDT-UHFFFAOYSA-N,"InChI=1S/C4H11N/c1-4(2,3)5/h5H2,1-3H3",75-64-9,C4H11N,73.137,,,,,,N,N,N,N,N,N,N,N,N,Y,Y,N,N,N,N,Y,N,N,N,N,N,N,N,N,N,N,N,N,N,N,N,N,N,N,N,N,8,8,7,Hazardous,Hazardous
162,2-Ethoxyethanol,-3.35696,0.0741294,0.0462025,-1.21974,0.0135332,3,7,-90.0,135.6,0.93,,0.63,1.407,10.7,7.9,4.5,7.0,,2.08,,,,-0.54,,,,,,0.79,235,T3,43,Class II,2,3.8,1,2.1,1,978,2484,,,Y,,,Not Assigned,,,,OCCOCC,ZNQVEEAIQZEUHB-UHFFFAOYSA-N,"InChI=1S/C4H10O2/c1-2-6-4-3-5/h5H,2-4H2,1H3",110-80-5,C4H10O2,90.121,,REACH Candidate list - consider alternatives,http://echa.europa.eu/web/guest/candidate-list-table,,,N,N,Y,N,N,N,N,N,N,N,N,N,N,N,N,N,N,N,N,Y,N,N,N,N,N,N,N,N,N,N,N,N,N,N,N,N,4,9,4,Hazardous,Hazardous
134,2-Ethoxyethyl Acetate,-0.0392702,2.86111,-0.639804,-1.252,1.15176,3,3,-61.7,156.3,0.97,,,1.4,9.4,7.8,2.3,5.2,,2.25,,,,,,,,,,1.087,379,T2,54,Class II,2,1.5,1,1.413,1,329,2021,,,N,,,Not Assigned,,,,CCOCCOC(=O)C,SVONRAPFKPVNKG-UHFFFAOYSA-N,"InChI=1S/C6H12O3/c1-3-8-4-5-9-6(2)7/h3-5H2,1-2H3",111-15-9,C6H12O3,132.158,,REACH Candidate list - consider alternatives,http://echa.europa.eu/web/guest/candidate-list-table,,,N,N,N,N,N,N,N,N,N,N,N,N,N,N,N,N,N,N,Y,Y,N,N,N,N,N,N,N,N,N,N,N,N,N,N,N,N,4,9,5,Hazardous,Hazardous
263,2-Ethylhexanol,0.993743,1.28492,4.38946,-0.582807,-0.597953,0,8,-70.0,184.6,0.692,,,1.43,10.2,7.8,1.6,5.8,,1.76,,,,,,,,,,1.295,288,T3,162,Class IIIB,1,0.1,1,9.706,1,665,3456,,,Not Determined,,,Not Assigned,,,,CCCCC(CO)CC,YIWUKEYIRIRTPP-UHFFFAOYSA-N,"InChI=1S/C8H18O/c1-3-5-6-8(4-2)7-9/h8-9H,3-7H2,1-2H3",104-76-7,C8H18O,130.228,Racemic mixture - Could be problematic for asymmetric reactions.,,,,,N,N,Y,N,N,N,N,N,N,N,N,N,N,N,N,N,N,N,N,N,N,N,N,N,N,N,N,N,N,N,N,N,N,N,N,N,1,5,5,Problematic,Problematic
232,2-Methoxy-1-[(1-methoxy-2-propanyl)oxy]propane [Propylene Glycol Dimethyl Ether],1.26165,4.99314,-0.038045,-1.62979,-0.417405,4,4,,,0.953,,,,,,,,,,,,,,,,,,,1.412,,Not Assigned,65,Class IIIA,1,,,,,234,1351,,,N,,,Not Assigned,,,,COCC(OCC(OC)C)C,OQUIHNRSFOIOFU-UHFFFAOYSA-N,"InChI=1S/C8H18O3/c1-7(10-4)6-11-8(2)5-9-3/h7-8H,5-6H2,1-4H3",111109-77-4,C8H18O3,162.227,Racemic mixture - Could be problematic for asymmetric reactions.,Available from Dow.  Good metal coordination - propylene glycol ethers offer better safety profile than ethylene glycol analogues,http://msdssearch.dow.com/PublishedLiteratureDOWCOM/dh_0349/0901b80380349327.pdf?filepath=oxysolvents/pdfs/noreg/110-00608.pdf&fromPage=GetDoc,,,N,N,N,N,N,N,N,N,N,N,N,N,N,N,N,N,N,N,N,Y,N,N,N,N,N,N,N,N,N,N,N,N,N,N,N,N,2,5,5,Problematic,Problematic
264,2-Methyl Butanol,-1.99901,-1.19087,2.53451,-1.6474,-1.3244,0,5,,128.7,0.681,,,1.41,10.8,7.5,2.3,6.6,32.0,0.0,,,,1.29,,,,,,0.872,385,T2,110,Class IIIB,1,2.0,1,5.355,1,698,3485,,,N,,,Not Assigned,,,,CCC(CO)C,QPRQEDXDYOZYLA-UHFFFAOYSA-N,"InChI=1S/C5H12O/c1-3-5(2)4-6/h5-6H,3-4H2,1-2H3",137-32-6,C5H12O,88.148,Racemic mixture - Could be problematic for asymmetric reactions.,,,,,N,N,Y,N,N,N,N,N,N,N,N,N,N,N,N,N,N,N,N,N,N,N,N,N,N,N,N,N,N,N,N,N,N,N,N,N,3,2,3,Recommended,Recommended
225,2-Methyl-1-propanamine [Isobutylamine],-2.57898,0.866665,-2.17958,-2.79232,-2.0124,3,3,-84.6,67.7,0.73,,,1.39,8.6,,,,,1.27,,,,0.88,,,,,,0.772,378,T2,-18,Class IB,3,108.7,2,0.6,0,494,,,,Not Determined,,,Not Assigned,,,,NCC(C)C,KDSNLYIMUZNERS-UHFFFAOYSA-N,"InChI=1S/C4H11N/c1-4(2)3-5/h4H,3,5H2,1-2H3",78-81-9,C4H11N,73.137,,,,,,N,N,N,N,N,N,N,N,N,Y,Y,N,N,N,N,Y,N,N,N,N,N,N,N,N,N,N,N,N,N,N,N,N,N,N,N,N,5,8,5,Hazardous,Hazardous
133,2-Methylcyclohexanone,0.496093,1.06345,-1.75776,0.0507666,-0.592298,0,0,-14.0,162.0,0.925,,,1.448,,,,,,,,,,1.25,,,,,,1.002,258,T3,48,Class II,2,,,,,,,,,N,,,Not Assigned,,,,CC1CCCCC1=O,LFSAPCRASZRSKS-UHFFFAOYSA-N,"InChI=1S/C7H12O/c1-6-4-2-3-5-7(6)8/h6H,2-5H2,1H3",583-60-8,C7H12O,112.17,Racemic mixture - are you forming a chiral centre ?,,,,,N,N,N,N,N,N,N,N,N,N,N,N,N,N,N,N,N,N,N,N,Y,N,N,N,N,N,N,N,N,N,N,N,N,N,N,N,3,5,5,Problematic,Problematic
136,2-Methylpyridine [2-Picoline],-0.565146,0.672246,-1.96621,1.22144,-1.17457,0,0,-66.7,129.4,0.94,9.8,0.235,1.501,9.8,,,,39.0,1.91,,,,1.11,0.6,0.75,0.0,0.58,3.42,0.816,538,T1,39,Class II,2,8.6,1,0.806,0,395,1794,,,N,,,Not Assigned,,,,Cc1ccccn1,BSKHPKMHTQYZBB-UHFFFAOYSA-N,"InChI=1S/C6H7N/c1-6-4-2-3-5-7-6/h2-5H,1H3",109-06-8,C6H7N,93.127,,,,,,N,N,N,N,N,N,N,N,N,N,N,N,N,Y,N,Y,Y,N,N,N,N,N,N,N,N,N,N,N,N,N,N,N,N,N,N,N,4,6,5,Problematic,Problematic
19,2-Methyltetrahydrofuran [2-MeTHF],2.05009,2.48903,-4.41974,2.44756,-10.5634,4,4,-136.0,80.0,0.86,7.0,0.179,1.408,8.5,8.3,1.9,3.0,12.0,1.06,,,,1.85,0.24,0.48,0.0,0.53,2.82,0.763,270,T3,-11,Class IB,3,,,0.502,0,298,2102,1,1216.65,N,,,3,1,2,,CC1CCCO1,JWUJQDFVADABEY-UHFFFAOYSA-N,"InChI=1S/C5H10O/c1-5-3-2-4-6-5/h5H,2-4H2,1H3",96-47-9,C5H10O,86.132,Racemic mixture - Could be problematic for asymmetric reactions.,More sustainable analogue of THF - low miscibility with water,,,,N,N,N,N,N,N,N,N,N,N,N,N,N,N,N,N,N,N,N,Y,N,N,N,N,N,N,N,N,N,N,N,N,N,N,N,N,6,5,3,Problematic,Problematic
220,2-Nitropropane,-0.608593,-2.86582,-1.99477,0.463773,2.89232,1,1,-103.4,131.2,0.983,27.3,,1.394,10.4,,,,,3.76,,,,0.87,,,,,,0.706,421,T2,24,Class IC,3,13.0,1,0.804,0,322,1867,,,N,,,Not Assigned,,,,CC([N+](=O)[O-])C,FGLBSLMDCBOPQK-UHFFFAOYSA-N,"InChI=1S/C3H7NO2/c1-3(2)4(5)6/h3H,1-2H3",79-46-9,C3H7NO2,89.093,,,,,,N,N,N,N,N,N,N,N,N,N,N,N,N,N,N,N,N,N,N,N,N,N,N,N,N,N,Y,N,N,N,N,N,N,N,N,N,4,9,5,Hazardous,Hazardous
154,"2,2-Dimethoxypropane",0.869318,-0.41397,-1.53377,-3.06077,-0.508318,0,0,-47.0,81.0,0.848,,,1.378,7.4,,,,,,,,,,,,,,,0.931,410,T2,-10,Class IB,3,89.5,2,,,,,,,N,,,Not Assigned,,,,COC(OC)(C)C,HEWZVZIVELJPQZ-UHFFFAOYSA-N,"InChI=1S/C5H12O2/c1-5(2,6-3)7-4/h1-4H3",77-76-9,C5H12O2,104.148,,,,Can react under acidic conditions,,N,N,N,N,N,N,N,N,N,N,N,N,N,N,N,N,N,N,N,Y,N,N,N,N,N,N,N,N,N,N,N,N,N,N,N,Y,6,6,5,Problematic,Problematic
175,"2,2-Dimethyl-1,3-dioxolane",-0.638182,-0.398033,-2.00906,-1.81581,-0.357442,0,0,,92.0,0.946,,,1.398,,,,,,,,,,,,,,,,0.822,,Not Assigned,2,Class IB,3,,,,,,,,,Not Determined,,,Not Assigned,,,,CC1(C)OCCO1,SIJBDWPVNAYVGY-UHFFFAOYSA-N,"InChI=1S/C5H10O2/c1-5(2)6-3-4-7-5/h3-4H2,1-2H3",2916-31-6,C5H10O2,102.132,,,,Can react under acidic conditions,,N,N,N,N,N,N,N,N,N,N,N,N,N,N,N,N,N,N,N,Y,N,N,N,N,N,N,N,N,N,N,N,N,N,N,N,Y,4,5,5,Problematic,Problematic
148,"2,2,2-Trifluoroacetic Acid [TFA]",-9.7908,-7.7192,11.2503,-0.606578,-0.757968,1,5,-15.4,71.8,1.54,,2.28,1.385,10.6,,,,,1.28,0.5,1.12,,,,,,,,0.518,,Not Assigned,21,Class IB,3,88.2,2,1.223,1,,,,,Y,,,Not Assigned,,,,OC(=O)C(F)(F)F,DTQVDTLACAAQTR-UHFFFAOYSA-N,"InChI=1S/C2HF3O2/c3-2(4,5)1(6)7/h(H,6,7)",76-05-1,C2HF3O2,114.023,,,,,,N,Y,N,N,N,N,N,N,N,N,N,N,N,N,N,N,N,N,N,N,N,Y,N,Y,N,N,N,N,N,N,N,N,N,N,N,N,1,8,5,Hazardous,Hazardous
149,"2,2,2-trifluoroacetic Anhydride [TFAA]",3.62775,-4.25855,1.75618,-1.59535,5.66695,2,6,-65.0,39.5,1.503,,,1.269,,,,,,,,,,,,,,,,0.869,,Not Assigned,,Not Assigned,Not Assigned,325.0,3,,,,,,,Y,,,Not Assigned,,,,O=C(C(F)(F)F)OC(=O)C(F)(F)F,QAEDZJGFFMLHHQ-UHFFFAOYSA-N,"InChI=1S/C4F6O3/c5-3(6,7)1(11)13-2(12)4(8,9)10",407-25-0,C4F6O3,210.031,,,,Reactive to nucleophiles. Rapid hydrolysis in water.,,N,N,N,N,Y,N,N,N,N,N,N,N,N,N,N,N,N,N,N,N,N,Y,N,Y,N,N,N,N,N,N,N,N,N,N,N,N,7,8,7,Hazardous,Hazardous
131,"2,2,2-Trifluoroethanol",-6.72189,-6.73863,5.76113,0.904505,0.809133,1,5,-45.0,74.0,1.391,,0.9,,,,,,,,0.73,1.51,0.0,0.41,,,,,,0.502,480,T1,29,Class IC,3,,,,,,,,,Y,,,Not Assigned,,,,OCC(F)(F)F,RHQDFWAXVIIEBN-UHFFFAOYSA-N,"InChI=1S/C2H3F3O/c3-2(4,5)1-6/h6H,1H2",75-89-8,C2H3F3O,100.04,,,,"Good ionising solvent, low nucleophilicity  - cost, availability ?",,N,N,Y,N,N,N,N,N,N,N,N,N,N,N,N,N,N,N,N,N,N,Y,N,Y,N,N,N,N,N,N,N,N,N,N,N,N,3,10,5,Hazardous,Hazardous
268,"2,2,4-Trimethyl-1,3-pentanediol 1-isobutyrate",1.55829,3.62398,0.502074,-0.183229,1.15012,4,8,,255.0,0.787,,,,,7.4,3.0,4.8,,,,,,,,,,,,1.933,,Not Assigned,246,Class IIIB,1,,,,,,,,,N,,,Not Assigned,,,,CC(C(=O)OCC(C(C(C)C)O)(C)C)C,DAFHKNAQFPVRKR-UHFFFAOYSA-N,"InChI=1S/C12H24O3/c1-8(2)10(13)12(5,6)7-15-11(14)9(3)4/h8-10,13H,7H2,1-6H3",25265-77-4,C12H24O3,216.317,Racemic mixture - Could be problematic for asymmetric reactions.,,,,,N,N,Y,N,N,N,N,N,N,N,N,N,N,N,N,N,N,N,Y,N,N,N,N,N,N,N,N,N,N,N,N,N,N,N,N,N,2,5,7,Problematic,Problematic
14,"2,4-Dimethyl-3-pentanone [Diisopropyl ketone]",1.79938,0.750799,-1.22962,-0.884622,0.143899,0,0,-69.0,125.3,0.799,17.1,0.247,1.4,8.7,,,,16.2,2.76,,,,1.86,,,,,,1.111,449,T2,15,Class IB,3,10.0,1,0.631,0,332,2561,,5.74,N,,,Not Assigned,,,,CC(C(=O)C(C)C)C,HXVNBWAKAOHACI-UHFFFAOYSA-N,"InChI=1S/C7H14O/c1-5(2)7(8)6(3)4/h5-6H,1-4H3",565-80-0,C7H14O,114.185,,,,,,N,N,N,N,N,N,N,N,N,N,N,N,N,N,N,N,N,N,N,N,Y,N,N,N,N,N,N,N,N,N,N,N,N,N,N,N,4,5,5,Problematic,Problematic
15,"2,6-Dimethyl-4-heptanone [Diisobutyl ketone]",4.08788,2.17254,0.294017,-0.607983,0.518781,4,8,-46.0,168.4,0.805,9.9,0.225,1.412,8.1,,,,,2.66,,,,2.96,,,,,,1.392,396,T2,49,Class II,2,1.2,1,0.898,0,,2593,,2.64,N,,,Not Assigned,,,,CC(CC(=O)CC(C)C)C,PTTPXKJBFFKCEK-UHFFFAOYSA-N,"InChI=1S/C9H18O/c1-7(2)5-9(10)6-8(3)4/h7-8H,5-6H2,1-4H3",108-83-8,C9H18O,142.239,,,,,,N,N,N,N,N,N,N,N,N,N,N,N,N,N,N,N,N,N,N,N,Y,N,N,N,N,N,N,N,N,N,N,N,N,N,N,N,3,5,5,Problematic,Problematic
137,"2,6-Dimethylpyridine [2,6-Lutidine]",0.628601,1.89399,-1.38012,0.88065,-1.48847,0,0,-6.2,144.1,0.918,7.3,0.191,1.497,9.4,,,,,1.68,0.8,0.0,0.76,1.68,0.61,0.7,0.0,0.62,3.76,0.957,,Not Assigned,33,Class IC,3,3.9,1,0.859,0,319,1868,,,N,,,Not Assigned,,,,Cc1cccc(n1)C,OISVCGZHLKNMSJ-UHFFFAOYSA-N,"InChI=1S/C7H9N/c1-6-4-3-5-7(2)8-6/h3-5H,1-2H3",108-48-5,C7H9N,107.153,,,,,,N,N,N,N,N,N,N,N,N,N,N,N,N,Y,N,Y,Y,N,N,N,N,N,N,N,N,N,N,N,N,N,N,N,N,N,N,N,4,5,5,Problematic,Problematic
24,"3-Methyl-2-butanone [MIPK, Methyl isopropyl ketone]",-0.823085,-0.410889,-2.49464,-1.34788,0.22587,0,1,-92.0,94.2,0.805,16.6,0.315,1.388,8.9,,,,17.1,2.79,,,0.48,0.84,0.13,0.65,0.0,0.51,,0.829,448,T2,0,Class IB,3,41.0,2,0.596,0,561,2579,,59.04,N,,,Not Assigned,,,,CC(=O)C(C)C,SYBYTAAJFKOIEJ-UHFFFAOYSA-N,"InChI=1S/C5H10O/c1-4(2)5(3)6/h4H,1-3H3",563-80-4,C5H10O,86.132,,,,,,N,N,N,N,N,N,N,N,N,N,N,N,N,N,N,N,N,N,N,N,Y,N,N,N,N,N,N,N,N,N,N,N,N,N,N,N,5,5,5,Problematic,Problematic
25,3-Methylbutan-1-ol,-3.26716,-0.943897,2.59167,-1.21117,-0.848406,1,5,-117.2,130.8,0.809,15.2,0.56,1.407,11.1,,,,32.0,1.83,,,,1.16,0.19,0.39,0.37,0.48,,0.872,350,T2,43,Class II,2,2.1,1,4.221,1,498,2888,1,26.74,N,3,5000,1,1,1,,OCCC(C)C,PHTQWCKDNZKARW-UHFFFAOYSA-N,"InChI=1S/C5H12O/c1-5(2)3-4-6/h5-6H,3-4H2,1-2H3",123-51-3,C5H12O,88.148,,,,,,N,N,Y,N,N,N,N,N,N,N,N,N,N,N,N,N,N,N,N,N,N,N,N,N,N,N,N,N,N,N,N,N,N,N,N,N,3,2,3,Recommended,Recommended
23,"3,3-Dimethyl-2-butanone [MTBK]",0.296798,0.437413,-1.87148,-1.47586,0.244384,0,0,-49.8,106.5,0.801,12.7,0.256,1.395,8.2,,,,17.0,2.79,,,0.48,1.2,0.11,0.62,0.0,0.51,,0.97,,Not Assigned,12,Class IB,3,24.3,2,0.712,0,368,2561,,19.71,N,,,Not Assigned,,,,CC(=O)C(C)(C)C,PJGSXYOJTGTZAV-UHFFFAOYSA-N,"InChI=1S/C6H12O/c1-5(7)6(2,3)4/h1-4H3",75-97-8,C6H12O,100.159,,,,,,N,N,N,N,N,N,N,N,N,N,N,N,N,N,N,N,N,N,N,N,Y,N,N,N,N,N,N,N,N,N,N,N,N,N,N,N,4,5,5,Problematic,Problematic
132,"3,5,5-Trimethylcyclohex-2-enone [Isophorone]",0.23767,4.80323,-1.20272,1.43987,0.162161,4,4,-8.1,215.3,0.92,,,1.48,9.4,,,,,3.99,,,,1.7,,,,,,1.241,460,T1,84,Class IIIA,1,0.3,1,2.828,1,308,1995,,,N,,,Not Assigned,,,,CC1=CC(=O)CC(C1)(C)C,HJOVHMDZYOCNQW-UHFFFAOYSA-N,"InChI=1S/C9H14O/c1-7-4-8(10)6-9(2,3)5-7/h4H,5-6H2,1-3H3",78-59-1,C9H14O,138.207,,,,,,N,N,N,Y,N,N,N,N,N,N,N,N,N,N,N,N,N,N,N,N,Y,N,N,N,N,N,N,N,N,N,N,N,N,N,N,N,1,6,7,Problematic,Problematic
190,4-Hydroxy-4-methylpentan-2-one,-2.50863,2.98646,-1.32478,-0.110683,1.04734,3,3,-47.0,168.5,0.935,,,1.423,,,,,,,,,,-0.09,,,,,,1.028,640,T1,58,Class II,2,1.0,1,,,,,,,N,,,Not Assigned,,,,CC(=O)CC(O)(C)C,SWXVUIWOUIDPGS-UHFFFAOYSA-N,"InChI=1S/C6H12O2/c1-5(7)4-6(2,3)8/h8H,4H2,1-3H3",123-42-2,C6H12O2,116.158,,,,,,N,N,Y,N,N,N,N,N,N,N,N,N,N,N,N,N,N,N,N,N,Y,N,N,N,N,N,N,N,N,N,N,N,N,N,N,N,3,2,5,Recommended,Recommended
236,4-Methylcyclohexanemethanol [MCHM],-0.759562,0.509233,3.6884,-0.341782,-1.04533,0,7,,202.0,0.907,,,,,,,,,,,,,,,,,,,1.186,,Not Assigned,,Not Assigned,Not Assigned,,,,,,,,,N,,,Not Assigned,,,,OCC1CCC(CC1)C,OSINZLLLLCUKJH-UHFFFAOYSA-N,"InChI=1S/C8H16O/c1-7-2-4-8(6-9)5-3-7/h7-9H,2-6H2,1H3",34885-03-5,C8H16O,128.212,Cis and trans isomers - Could be problematic for asymmetric reactions.,,,,,N,N,Y,N,N,N,N,N,N,N,N,N,N,N,N,N,N,N,N,N,N,N,N,N,N,N,N,N,N,N,N,N,N,N,N,N,1,5,5,Problematic,Problematic
157,5-Methyldihydrofuran-2(3H)-one [gamma-valerolactone],-2.07999,0.986893,-2.05341,1.05551,2.226,0,3,-31.0,207.5,1.103,36.1,,1.457,11.2,,,,,4.3,,,,,,,,,,0.779,,Not Assigned,81,Class IIIA,1,0.3,1,5.427,1,505,1720,,,Y,,,Not Assigned,,,,CC1CCC(=O)O1,GAEKPEKOJKCEMS-UHFFFAOYSA-N,"InChI=1S/C5H8O2/c1-4-2-3-5(6)7-4/h4H,2-3H2,1H3",108-29-2,C5H8O2,100.116,Racemic mixture - Could be problematic for asymmetric reactions.,,,,,N,N,N,N,N,N,N,N,N,N,N,N,N,N,N,N,N,N,Y,N,N,N,N,N,N,N,N,N,N,N,N,N,N,N,N,N,1,5,7,Problematic,Problematic
182,5-Nonanone,3.79382,2.87354,0.484912,-0.569989,0.817048,4,8,-4.8,188.5,0.818,10.6,0.21,1.42,8.5,,,,,2.71,,,,,,,,,,1.392,,Not Assigned,60,Class IIIA,1,0.4,1,1.297,1,361,2596,,,N,,,Not Assigned,,,,CCCCC(=O)CCCC,WSGCRAOTEDLMFQ-UHFFFAOYSA-N,"InChI=1S/C9H18O/c1-3-5-7-9(10)8-6-4-2/h3-8H2,1-2H3",502-56-7,C9H18O,142.239,,,,,,N,N,N,N,N,N,N,N,N,N,N,N,N,N,N,N,N,N,N,N,Y,N,N,N,N,N,N,N,N,N,N,N,N,N,N,N,1,5,5,Problematic,Problematic
27,Acetic Acid,-7.9189,-4.82223,4.6104,-0.483395,-0.842599,1,5,16.7,117.9,1.049,6.2,0.65,1.372,13.0,7.1,3.9,6.6,20.0,1.68,0.64,1.12,,-0.17,0.27,0.65,0.61,0.44,1.75,0.465,427,T2,43,Class II,2,11.7,1,1.199,1,,1937,1,603.29,Y,3,5000,3,2,1,,CC(=O)O,QTBSBXVTEAMEQO-UHFFFAOYSA-N,"InChI=1S/C2H4O2/c1-2(3)4/h1H3,(H,3,4)",64-19-7,C2H4O2,60.052,,,,,,N,Y,N,N,N,N,N,N,N,N,N,N,N,N,N,N,N,N,N,N,N,N,N,N,N,N,N,N,N,N,N,N,N,N,N,N,3,7,3,Problematic,Problematic
28,Acetic Anhydride,-1.54504,-0.744288,-1.6852,0.566744,2.8611,0,0,-73.1,139.0,1.082,20.7,0.41,1.39,10.7,7.8,5.7,5.0,10.5,2.82,0.76,0.0,,,,,,,,0.762,334,T2,54,Class II,2,3.6,1,0.898,0,314,1769,,119.94,Y,,,Not Assigned,,,,CC(=O)OC(=O)C,WFDIJRYMOXRFFG-UHFFFAOYSA-N,InChI=1S/C4H6O3/c1-3(5)7-4(2)6/h1-2H3,108-24-7,C4H6O3,102.089,,,,Reactive to nucleophiles. Rapid hydrolysis in water.,,N,N,N,N,Y,N,N,N,N,N,N,N,N,N,N,N,N,N,N,N,N,N,N,N,N,N,N,N,N,N,N,N,N,N,N,N,3,7,3,Problematic,Problematic
29,Acetone,-3.04341,-1.91259,-3.56567,-1.794,0.596176,1,1,-94.7,56.1,0.784,21.4,0.355,1.359,9.6,7.6,5.1,3.4,17.0,2.88,0.71,0.08,0.48,-0.24,0.18,0.7,0.04,0.49,1.7,0.547,465,T1,-18,Class IB,3,185.4,3,0.322,0,550,2774,1,790.71,Y,3,5000,2,1,1,,CC(=O)C,CSCPPACGZOOCGX-UHFFFAOYSA-N,InChI=1S/C3H6O/c1-3(2)4/h1-2H3,67-64-1,C3H6O,58.079,,,,,,N,N,N,N,N,N,N,N,N,N,N,N,N,N,N,N,N,N,N,N,Y,N,N,N,N,N,N,N,N,N,N,N,N,N,N,N,5,3,5,Problematic,Recommended
30,Acetonitrile,-4.65106,-4.74864,-3.28165,-0.304043,4.2989,1,1,-43.8,81.6,0.776,35.9,0.46,1.344,12.1,7.5,8.8,3.0,14.6,3.95,0.75,0.19,0.31,-0.34,0.24,0.9,0.07,0.32,1.74,0.404,524,T1,6,Class IB,3,70.5,2,0.37,0,558,2884,1,785.84,Y,2,410,3,1,2,,CC#N,WEVYAHXRMPXWCK-UHFFFAOYSA-N,InChI=1S/C2H3N/c1-2-3/h1H3,75-05-8,C2H3N,41.052,Not a primary manufacturing product - has been prone to shortages previously.,,,,,N,N,N,N,N,N,N,N,N,N,N,N,N,N,N,N,N,N,N,N,N,N,N,N,N,Y,N,N,N,N,N,N,N,N,N,N,4,3,3,Recommended,Problematic
31,Acetophenone,1.0484,1.97867,-1.09144,4.02949,0.785961,0,0,19.6,201.6,1.028,18.2,0.306,1.534,10.6,9.6,4.2,1.8,15.0,3.05,0.9,,0.49,1.63,0.82,1.01,0.0,0.48,4.5,1.014,571,T1,82,Class IIIA,1,0.2,1,1.839,1,263,1648,,3.36,N,,,Not Assigned,,,,CC(=O)c1ccccc1,KWOLFJPFCHCOCG-UHFFFAOYSA-N,"InChI=1S/C8H8O/c1-7(9)8-5-3-2-4-6-8/h2-6H,1H3",98-86-2,C8H8O,120.149,,,,,,N,N,N,N,N,N,N,N,N,N,N,N,N,N,N,N,Y,N,N,N,Y,N,N,N,N,N,N,N,N,N,N,N,N,N,N,N,1,2,7,Problematic,Problematic
32,Aniline,-1.5456,-1.12968,1.48888,5.54665,-2.26104,0,0,-6.0,184.4,1.022,7.2,0.42,1.586,11.8,9.5,2.5,5.0,35.0,1.51,,,,0.9,0.96,0.96,0.26,0.41,3.93,0.816,617,T1,70,Class IIIA,1,0.5,1,4.377,1,239,2011,,39.73,N,,,Not Assigned,,,,Nc1ccccc1,PAYRUJLWNCNPSJ-UHFFFAOYSA-N,"InChI=1S/C6H7N/c7-6-4-2-1-3-5-6/h1-5H,7H2",62-53-3,C6H7N,93.127,,,,,,N,N,N,N,N,N,N,N,N,N,N,N,N,N,Y,Y,Y,N,N,N,N,N,N,N,N,N,N,N,N,N,N,N,N,N,N,N,1,6,7,Problematic,Problematic
33,Anisole,3.0188,-1.34203,-0.886833,2.91594,-1.1059,2,2,-37.5,152.0,0.989,4.5,0.198,1.517,9.7,8.7,2.0,3.3,9.0,1.36,0.73,0.0,0.22,2.11,0.71,0.75,0.0,0.29,3.89,0.916,475,T1,52,Class II,2,2.9,1,1.076,1,379,1780,3,1.31,N,3,5000,1,1,2,,COc1ccccc1,RDOXTESZEPMUJZ-UHFFFAOYSA-N,"InChI=1S/C7H8O/c1-8-7-5-3-2-4-6-7/h2-6H,1H3",100-66-3,C7H8O,108.138,Static Risk,,,,,N,N,N,N,N,N,N,N,N,N,N,N,N,N,N,N,Y,N,N,Y,N,N,N,N,N,N,N,N,N,N,N,N,N,N,N,N,4,1,5,Problematic,Recommended
34,Benzene,3.24748,-4.79837,-1.63234,1.17202,-1.55152,2,2,5.5,80.1,0.879,2.3,0.111,1.501,9.2,9.0,0.0,1.0,0.1,0.0,0.59,0.0,0.1,2.13,0.61,0.52,0.0,0.14,2.79,0.716,562,T1,-11,Class IB,3,75.1,2,0.656,0,453,1963,,2.16,N,1,2,Not Assigned,,,,c1ccccc1,UHOVQNZJYSORNB-UHFFFAOYSA-N,InChI=1S/C6H6/c1-2-4-6-5-3-1/h1-6H,71-43-2,C6H6,78.112,,Just carry on looking,,,,Y,N,N,N,N,N,N,N,N,N,N,N,N,N,N,N,Y,N,N,N,N,N,N,N,N,N,N,N,N,N,N,N,N,N,N,N,6,10,3,Hazardous,Highly Hazardous
35,Benzonitrile,0.383056,-0.366777,-2.01768,4.56559,1.60245,0,0,-12.8,190.7,1.001,25.2,0.333,1.528,10.7,8.5,4.4,1.6,13.0,4.28,0.9,0.0,0.41,1.56,0.74,1.11,0.0,0.33,4.04,0.871,550,T1,75,Class IIIA,1,0.5,1,1.349,1,200,1600,,10.01,N,,,Not Assigned,,,,N#Cc1ccccc1,JFDZBHWFFUWGJE-UHFFFAOYSA-N,InChI=1S/C7H5N/c8-6-7-4-2-1-3-5-7/h1-5H,100-47-0,C7H5N,103.121,,,,,,N,N,N,N,N,N,N,N,N,N,N,N,N,N,N,N,Y,N,N,N,N,N,N,N,N,Y,N,N,N,N,N,N,N,N,N,N,1,6,7,Problematic,Problematic
36,Benzotrifluoride,3.26364,-2.50062,-0.738734,0.416847,1.12556,2,2,-29.0,102.1,1.18,,0.24,1.41,8.2,,,,,2.86,,,,3.01,0.23,0.48,0.0,1.0,,0.91,620,T1,12,Class IB,3,30.1,2,0.581,0,231,1083,3,,N,,,3,2,3,,FC(c1ccccc1)(F)F,GETTZEONDQJALK-UHFFFAOYSA-N,"InChI=1S/C7H5F3/c8-7(9,10)6-4-2-1-3-5-6/h1-5H",98-08-8,C7H5F3,146.11,Static Risk,,,,,N,N,N,N,N,N,N,N,N,N,N,N,N,N,N,N,Y,N,N,N,N,Y,N,Y,N,N,N,N,N,N,N,N,N,N,N,N,5,5,7,Problematic,Problematic
37,Benzyl alcohol,-2.44614,0.894494,3.6268,3.67887,-1.23662,3,7,-15.3,204.8,1.042,13.1,0.61,1.54,12.1,9.0,3.1,6.7,23.0,1.65,0.98,,0.5,1.05,0.8,0.87,0.33,0.56,4.22,0.916,436,T2,93,Class IIIA,1,0.1,1,6.163,1,588,4769,,11.01,N,,,Not Assigned,,,,OCc1ccccc1,WVDDGKGOMKODPV-UHFFFAOYSA-N,"InChI=1S/C7H8O/c8-6-7-4-2-1-3-5-7/h1-5,8H,6H2",100-51-6,C7H8O,108.138,,,,,,N,N,Y,N,N,N,N,N,N,N,N,N,N,N,N,N,Y,N,N,N,N,N,N,N,N,N,N,N,N,N,N,N,N,N,N,N,1,2,7,Problematic,Problematic
192,Benzyl Benzoate,7.9342,5.18385,3.82671,5.52021,1.3553,4,8,19.4,323.5,1.11,,,1.57,10.0,,,,,0.0,,,,3.97,,,,,,1.68,480,T1,148,Class IIIB,1,0.0,1,10.172,2,,1552,,,N,,,Not Assigned,,,,O=C(c1ccccc1)OCc1ccccc1,SESFRYSPDFLNCH-UHFFFAOYSA-N,"InChI=1S/C14H12O2/c15-14(13-9-5-2-6-10-13)16-11-12-7-3-1-4-8-12/h1-10H,11H2",120-51-4,C14H12O2,212.244,,,,,,N,N,N,N,N,N,N,N,N,N,N,N,N,N,N,N,Y,N,Y,N,N,N,N,N,N,N,N,N,N,N,N,N,N,N,N,N,1,2,7,Problematic,Problematic
214,Benzylamine,-1.06821,2.79804,-0.731378,2.89571,-1.80984,3,3,-46.0,184.5,0.98,,,1.54,10.6,,,,,1.38,,,0.63,1.09,0.83,0.88,0.1,0.72,4.32,0.957,405,T2,60,Class IIIA,1,0.5,1,1.694,1,595,,,,N,,,Not Assigned,,,,NCc1ccccc1,WGQKYBSKWIADBV-UHFFFAOYSA-N,"InChI=1S/C7H9N/c8-6-7-4-2-1-3-5-7/h1-5H,6,8H2",100-46-9,C7H9N,107.153,,,,,,N,N,N,N,N,N,N,N,N,Y,Y,N,N,N,N,Y,Y,N,N,N,N,N,N,N,N,N,N,N,N,N,N,N,N,N,N,N,1,7,5,Problematic,Problematic
38,Bromobenzene,3.46371,-2.76354,-0.981335,4.37912,-0.458873,2,2,-30.8,155.9,1.488,5.6,0.182,1.557,9.9,10.0,2.7,2.0,3.0,1.74,0.79,0.0,0.06,2.99,0.88,0.73,0.0,0.09,4.04,0.891,565,T1,51,Class II,2,3.1,1,1.156,1,214,656,,0.42,N,,,Not Assigned,,,,Brc1ccccc1,QARVLSVVCXYDNA-UHFFFAOYSA-N,InChI=1S/C6H5Br/c7-6-4-2-1-3-5-6/h1-5H,108-86-1,C6H5Br,157.008,,,,,,N,N,N,N,N,N,N,N,N,N,N,N,N,N,N,N,Y,N,N,N,N,Y,N,N,N,N,N,N,N,N,N,N,N,N,N,N,3,2,7,Problematic,Problematic
39,Butan-1-ol,-4.22827,-1.69267,2.20752,-1.65375,-1.08503,1,5,-88.6,117.7,0.81,17.5,0.6,1.399,11.6,7.8,2.8,7.7,29.0,1.74,0.47,0.79,0.88,0.84,0.22,0.42,0.37,0.48,2.6,0.731,343,T2,29,Class IC,3,4.3,1,2.932,1,1038,2896,1,98.84,N,3,5000,2,1,1,,CCCCO,LRHPLDYGYMQRHN-UHFFFAOYSA-N,"InChI=1S/C4H10O/c1-2-3-4-5/h5H,2-4H2,1H3",71-36-3,C4H10O,74.122,Highly viscous (not preferred for crystallisation),,,,,N,N,Y,N,N,N,N,N,N,N,N,N,N,N,N,N,N,N,N,N,N,N,N,N,N,N,N,N,N,N,N,N,N,N,N,N,3,4,3,Recommended,Recommended
40,Butan-2-ol,-3.59319,-1.74486,1.17917,-1.69234,-0.837775,1,5,-114.7,99.5,0.808,16.6,0.51,1.397,11.1,7.7,2.8,7.1,,1.65,,,,0.65,0.22,0.36,0.33,0.56,,0.731,406,T2,24,Class IC,3,11.5,1,3.704,1,,3202,,111.16,N,3,5000,Not Assigned,,,,CCC(O)C,BTANRVKWQNVYAZ-UHFFFAOYSA-N,"InChI=1S/C4H10O/c1-3-4(2)5/h4-5H,3H2,1-2H3",78-92-2,C4H10O,74.122,Racemic mixture - Could be problematic for asymmetric reactions. Viscous at lower temperatures (not preferred for crystallisation),,,,,N,N,Y,N,N,N,N,N,N,N,N,N,N,N,N,N,N,N,N,N,N,N,N,N,N,N,N,N,N,N,N,N,N,N,N,N,3,2,3,Recommended,Recommended
41,Butanone [MEK],-1.47901,-1.118,-3.00926,-1.40615,0.410937,0,1,-86.7,79.6,0.805,18.9,0.327,1.379,9.5,7.8,4.4,2.5,17.4,2.78,0.67,0.06,0.48,0.29,0.17,0.7,0.0,0.51,2.29,0.688,516,T1,-6,Class IB,3,65.2,2,0.409,0,328,2723,1,224.89,N,3,5000,2,2,1,,CCC(=O)C,ZWEHNKRNPOVVGH-UHFFFAOYSA-N,"InChI=1S/C4H8O/c1-3-4(2)5/h3H2,1-2H3",78-93-3,C4H8O,72.106,,,,,,N,N,N,N,N,N,N,N,N,N,N,N,N,N,N,N,N,N,N,N,Y,N,N,N,N,N,N,N,N,N,N,N,N,N,N,N,5,3,3,Recommended,Recommended
270,"Butoxytriglycol [3,6,9-Trioxatridecan-1-ol]",-0.397931,10.5469,3.24714,-1.54218,1.67661,3,7,-39.0,283.0,0.822,,,,,7.9,3.4,3.6,,,,,,,,,,,,1.752,317,T2,138,Class IIIB,1,,,9.28,1,376,2724,,,N,,,Not Assigned,,,,CCCCOCCOCCOCCO,COBPKKZHLDDMTB-UHFFFAOYSA-N,"InChI=1S/C10H22O4/c1-2-3-5-12-7-9-14-10-8-13-6-4-11/h11H,2-10H2,1H3",143-22-6,C10H22O4,206.279,,,,,,N,N,Y,N,N,N,N,N,N,N,N,N,N,N,N,N,N,N,N,Y,N,N,N,N,N,N,N,N,N,N,N,N,N,N,N,N,1,4,7,Problematic,Problematic
242,Butyl Carbitol [2-[2-(Butyloxy)ethoxy]ethanol],-0.743199,3.67786,3.1728,-4.10058,5.58374,3,7,-68.0,230.0,0.952,,,1.426,9.8,7.8,2.4,5.2,,0.0,,,,0.56,,,,,,1.412,228,T3,99,Class IIIB,1,0.0,1,5.853,1,,,,,N,,,Not Assigned,,,,CCCCOCCOCCO,OAYXUHPQHDHDDZ-UHFFFAOYSA-N,"InChI=1S/C8H18O3/c1-2-3-5-10-7-8-11-6-4-9/h9H,2-8H2,1H3",112-34-5,C8H18O3,162.227,,,,,,N,N,Y,N,N,N,N,N,N,N,N,N,N,N,N,N,N,N,N,Y,N,N,N,N,N,N,N,N,N,N,N,N,N,N,N,N,1,2,7,Problematic,Problematic
246,Butyl Carbitol Acetate [2-(2-Butoxyethoxy)ethyl acetate],3.63892,7.71894,2.21787,-0.415515,1.74205,4,8,-32.0,246.7,0.977,,,1.426,9.1,7.8,2.0,4.0,,,,,,,,,,,,1.709,,Not Assigned,105,Class IIIB,1,0.0,1,6.224,1,623,2058,,,N,,,Not Assigned,,,,CCCCOCCOCCOC(=O)C,VXQBJTKSVGFQOL-UHFFFAOYSA-N,"InChI=1S/C10H20O4/c1-3-4-5-12-6-7-13-8-9-14-10(2)11/h3-9H2,1-2H3",124-17-4,C10H20O4,204.263,,,,,,N,N,N,N,N,N,N,N,N,N,N,N,N,N,N,N,N,N,Y,Y,N,N,N,N,N,N,N,N,N,N,N,N,N,N,N,N,1,2,7,Problematic,Problematic
249,Butyl Cellosolve [Ethylene glycol monobutyl ether],-1.24016,1.79808,1.22264,-1.07427,0.209733,0,7,-77.0,171.0,0.902,,0.6,1.419,9.9,7.8,3.7,6.0,,2.08,,,,0.83,,,,,,1.071,224,T3,65,Class IIIA,1,0.3,1,3.256,1,557,2596,,,Not Determined,,,Not Assigned,,,,CCCCOCCO,POAOYUHQDCAZBD-UHFFFAOYSA-N,"InChI=1S/C6H14O2/c1-2-3-5-8-6-4-7/h7H,2-6H2,1H3",111-76-2,C6H14O2,118.174,,,,,,Y,N,Y,N,N,N,N,N,N,N,N,N,N,N,N,N,N,N,N,Y,N,N,N,N,N,N,N,N,N,N,N,N,N,N,N,N,1,2,5,Recommended,Recommended
248,Butyl Cellosolve Acetate,2.37524,4.24022,0.7754,-0.908827,1.39509,4,8,-64.0,191.7,0.942,,,1.413,8.9,7.8,2.2,4.3,,,,,,,,,,,,1.369,,Not Assigned,74,Class IIIA,1,0.0,1,2.273,1,399,2134,,,Not Determined,,,Not Assigned,,,,CCCCOCCOC(=O)C,NQBXSWAWVZHKBZ-UHFFFAOYSA-N,"InChI=1S/C8H16O3/c1-3-4-5-10-6-7-11-8(2)9/h3-7H2,1-2H3",112-07-2,C8H16O3,160.211,,,,,,Y,N,N,N,N,N,N,N,N,N,N,N,N,N,N,N,N,N,Y,Y,N,N,N,N,N,N,N,N,N,N,N,N,N,N,N,N,1,2,5,Recommended,Recommended
167,Butyl Formate,0.414017,-1.249,-1.19832,-1.51051,1.88263,0,0,-91.9,106.1,0.89,,,1.39,8.9,,,,,2.03,,,,,0.12,0.63,0.0,0.38,2.96,0.888,322,T2,18,Class IB,3,21.7,2,0.674,0,361,2194,,,N,,,Not Assigned,,,,CCCCOC=O,NMJJFJNHVMGPGM-UHFFFAOYSA-N,"InChI=1S/C5H10O2/c1-2-3-4-7-5-6/h5H,2-4H2,1H3",592-84-7,C5H10O2,102.132,,,,,,N,N,N,N,N,N,N,N,N,N,N,N,N,N,N,N,N,N,Y,N,N,N,N,N,N,N,N,N,N,N,N,N,N,N,N,N,5,2,5,Problematic,Problematic
211,Butylbenzene,7.00782,-0.798998,0.999665,1.92594,-1.08044,2,6,-87.9,183.3,0.86,,,1.49,8.6,,,,,0.37,,,,4.26,0.6,0.51,0.0,0.15,4.73,1.28,412,T2,50,Class II,2,1.3,1,1.025,1,270,2084,,,N,,,Not Assigned,,,,CCCCc1ccccc1,OCKPCBLVNKHBMX-UHFFFAOYSA-N,"InChI=1S/C10H14/c1-2-3-7-10-8-5-4-6-9-10/h4-6,8-9H,2-3,7H2,1H3",104-51-8,C10H14,134.218,,,,,,N,N,N,N,N,N,N,N,N,N,N,N,N,N,N,N,Y,N,N,N,N,N,N,N,N,N,N,N,N,N,N,N,N,N,N,N,4,2,7,Problematic,Problematic
207,Butyric acid,-4.91685,-2.7986,5.74195,-0.763212,-1.14215,1,5,-5.2,163.3,0.95,,,1.4,12.0,7.3,2.0,5.2,,1.65,,,,0.79,,,,,,0.747,450,T1,72,Class IIIA,1,0.7,1,1.553,1,,2102,,,N,,,Not Assigned,,,,CCCC(=O)O,FERIUCNNQQJTOY-UHFFFAOYSA-N,"InChI=1S/C4H8O2/c1-2-3-4(5)6/h2-3H2,1H3,(H,5,6)",107-92-6,C4H8O2,88.105,,,,,,N,Y,N,N,N,N,N,N,N,N,N,N,N,N,N,N,N,N,N,N,N,N,N,N,N,N,N,N,N,N,N,N,N,N,N,N,7,1,5,Problematic,Problematic
42,Butyronitrile,-1.60149,-2.07822,-1.82494,-0.863574,3.80822,1,1,-111.9,117.5,0.787,24.6,0.364,1.383,10.2,7.5,6.1,2.5,16.6,4.07,0.71,,,0.6,,,,,,0.686,502,T1,36,Class IC,3,15.1,1,0.589,0,608,8526,,,N,,,Not Assigned,,,,CCCC#N,KVNRLNFWIYMESJ-UHFFFAOYSA-N,"InChI=1S/C4H7N/c1-2-3-4-5/h2-3H2,1H3",109-74-0,C4H7N,69.105,,,,,,N,N,N,N,N,N,N,N,N,N,N,N,N,N,N,N,N,N,N,N,N,N,N,N,N,Y,N,N,N,N,N,N,N,N,N,N,5,6,5,Problematic,Problematic
245,Carbitol [2-(2-ethoxyethoxy)ethanol],-2.04393,4.57115,0.400268,-1.17734,-0.195925,3,7,-43.0,201.0,0.989,,,1.428,10.3,7.9,4.5,6.0,,0.0,,,,-0.54,,,,,,1.13,201,T3,90,Class IIIA,1,0.1,1,4.684,1,322,2252,,,Not Determined,,,Not Assigned,,,,OCCOCCOCC,XXJWXESWEXIICW-UHFFFAOYSA-N,"InChI=1S/C6H14O3/c1-2-8-5-6-9-4-3-7/h7H,2-6H2,1H3",111-90-0,C6H14O3,134.174,,,,,,N,N,Y,N,N,N,N,N,N,N,N,N,N,N,N,N,N,N,N,Y,N,N,N,N,N,N,N,N,N,N,N,N,N,N,N,N,2,1,7,Problematic,Problematic
43,Carbon Disulfide,2.09631,-7.05012,-3.08796,3.13969,-2.90962,2,2,-111.6,46.2,1.263,2.6,0.065,1.623,9.9,10.0,0.0,0.3,2.0,0.0,,,,1.94,0.88,0.21,0.0,0.07,2.35,0.491,90,T6,-30,Class IB,3,297.5,3,0.365,0,257,817,,2.14,N,,,Not Assigned,,,,S=C=S,QGJOPFRUJISHPQ-UHFFFAOYSA-N,InChI=1S/CS2/c2-1-3,75-15-0,CS2,76.141,Its a bit smelly and has a low autoignition point,,,,,Y,N,N,N,N,N,N,N,N,N,N,N,N,N,N,N,N,N,N,N,N,N,N,N,N,N,N,N,N,N,N,N,N,N,N,Y,9,7,7,Hazardous,Highly Hazardous
44,Chlorobenzene,3.29928,-3.34009,-1.28965,3.35378,-0.371296,2,2,-45.6,131.7,1.106,5.7,0.188,1.525,9.7,9.3,2.1,1.0,3.3,1.72,0.71,0.0,0.07,2.84,0.72,0.65,0.0,0.07,3.66,0.839,638,T1,32,Class IC,3,9.1,1,0.805,0,193,1203,1,0.4,N,2,360,3,2,3,,Clc1ccccc1,MVPPADPHJFYWMZ-UHFFFAOYSA-N,InChI=1S/C6H5Cl/c7-6-4-2-1-3-5-6/h1-5H,108-90-7,C6H5Cl,112.557,,,,,,N,N,N,N,N,N,N,N,N,N,N,N,N,N,N,N,Y,N,N,N,N,Y,Y,N,N,N,N,N,N,N,N,N,N,N,N,N,3,2,7,Problematic,Problematic
45,Chloroform,0.447314,-6.55056,0.116041,0.956611,0.384643,2,6,-63.2,61.2,1.48,4.9,0.259,1.446,9.2,8.7,1.5,2.8,4.0,1.02,0.58,0.44,0.0,1.97,0.43,0.49,0.15,0.02,2.48,-0.262,,Not Assigned,,Not Assigned,Not Assigned,158.1,3,0.578,0,119,646,,6.78,N,2,60,Not Assigned,,,,ClC(Cl)Cl,HEDRZPFGACZZDS-UHFFFAOYSA-N,InChI=1S/CHCl3/c2-1(3)4/h1H,67-66-3,CHCl3,119.378,,,,,,Y,N,N,N,N,N,N,N,N,N,N,N,N,N,N,N,N,N,N,N,N,Y,Y,N,N,N,N,N,N,N,N,N,N,N,N,N,2,7,5,Problematic,Hazardous
46,cis-Decalin,8.12087,-2.29608,1.35479,0.446118,-1.00533,2,6,-43.0,195.8,0.897,2.2,0.015,1.481,8.6,9.2,0.0,0.0,,0.0,,,,5.08,0.54,0.25,0.0,0.0,5.16,1.3,250,T3,58,Class II,2,0.6,1,3.331,1,285,1848,,0.0,N,,,Not Assigned,,,,C1CCC2C(C1)CCCC2,NNBZCPXTIHJBJL-UHFFFAOYSA-N,"InChI=1S/C10H18/c1-2-6-10-8-4-3-7-9(10)5-1/h9-10H,1-8H2",493-01-6,C10H18,138.25,Racemic mixture - Could be problematic for asymmetric reactions.,,,,,N,N,N,N,N,N,N,N,N,N,N,N,N,N,N,N,N,N,N,N,N,N,N,N,Y,N,N,N,N,N,N,N,N,N,N,N,4,7,7,Hazardous,Hazardous
50,CPME [Cyclopentyl Methyl Ether],1.56217,-1.2353,-1.75856,-1.75934,-1.09553,0,2,-140.0,106.0,0.86,4.8,,1.419,8.4,6.9,1.6,2.5,,1.27,,,,1.59,,,,,,0.904,180,T4,-1,Class IB,3,,,,,,,,1260.93,N,,,Not Assigned,,,,COC1CCCC1,SKTCDJAMAYNROS-UHFFFAOYSA-N,"InChI=1S/C6H12O/c1-7-6-4-2-3-5-6/h6H,2-5H2,1H3",5614-37-9,C6H12O,100.159,Only one supplier (Zeon Corp.),,,,,N,N,N,N,N,N,N,N,N,N,N,N,N,N,N,N,N,N,N,Y,N,N,N,N,N,N,N,N,N,N,N,N,N,N,N,N,7,2,5,Problematic,Problematic
47,Cyclohexane,5.47872,-5.68202,-0.565812,-2.17757,-0.638723,2,2,6.7,80.7,0.778,2.0,0.01,1.426,8.2,8.2,0.0,0.1,0.0,0.0,0.0,0.0,0.0,3.44,0.31,0.1,0.0,0.0,2.96,0.845,260,T3,-20,Class IB,3,77.5,2,0.98,0,462,2371,3,0.07,N,2,3880,2,1,3,,C1CCCCC1,XDTMQSROBMDMFD-UHFFFAOYSA-N,InChI=1S/C6H12/c1-2-4-6-5-3-1/h1-6H2,110-82-7,C6H12,84.16,Static Risk,,,,,N,N,N,N,N,N,N,N,N,N,N,N,N,N,N,N,N,N,N,N,N,N,N,N,Y,N,N,N,N,N,N,N,N,N,N,N,6,3,7,Problematic,Problematic
48,Cyclohexanol,-2.46101,-0.080649,1.6858,0.322257,-1.37208,0,5,25.2,161.1,0.964,15.0,0.5,1.465,11.6,8.5,2.0,6.6,25.0,1.86,,,,1.23,0.46,0.54,0.32,0.57,3.76,0.904,300,T2,68,Class IIIA,1,1.1,1,8.204,1,1753,2121,,17.61,N,,,Not Assigned,,,,OC1CCCCC1,HPXRVTGHNJAIIH-UHFFFAOYSA-N,"InChI=1S/C6H12O/c7-6-4-2-1-3-5-6/h6-7H,1-5H2",108-93-0,C6H12O,100.159,,,,,,N,N,Y,N,N,N,N,N,N,N,N,N,N,N,N,N,N,N,N,N,N,N,N,N,N,N,N,N,N,N,N,N,N,N,N,N,2,2,5,Recommended,Recommended
49,Cyclohexanone,-0.553952,0.643086,-2.59907,0.59781,-0.259915,0,3,-32.1,155.8,0.948,16.0,0.281,1.451,10.4,8.7,3.1,2.5,17.8,3.06,0.76,,0.53,0.81,0.4,0.86,0.0,0.56,3.79,0.861,420,T2,44,Class II,2,3.4,1,2.241,1,454,1880,,5.7,Y,,,Not Assigned,,,,O=C1CCCCC1,JHIVVAPYMSGYDF-UHFFFAOYSA-N,InChI=1S/C6H10O/c7-6-4-2-1-3-5-6/h1-5H2,108-94-1,C6H10O,98.143,,,,,,N,N,N,N,N,N,N,N,N,N,N,N,N,N,N,N,N,N,N,N,Y,N,N,N,N,N,N,N,N,N,N,N,N,N,N,N,3,2,5,Recommended,Problematic
204,Cyclohexylamine,-0.864705,2.08926,-1.59741,-1.49475,-2.44565,0,3,-17.7,134.5,0.862,4.4,,1.456,9.2,8.3,1.5,3.2,,1.31,,,,1.49,,,,,,0.945,293,T3,31,Class IC,3,6.8,1,2.001,1,1147,2343,,,N,,,Not Assigned,,,,NC1CCCCC1,PAFZNILMFXTMIY-UHFFFAOYSA-N,"InChI=1S/C6H13N/c7-6-4-2-1-3-5-6/h6H,1-5,7H2",108-91-8,C6H13N,99.174,,,,,,N,N,N,N,N,N,N,N,N,Y,Y,N,N,N,N,Y,N,N,N,N,N,N,N,N,N,N,N,N,N,N,N,N,N,N,N,N,3,7,3,Problematic,Problematic
186,Cyclopentane,3.59382,-6.52093,-0.976066,-2.51651,-0.436023,2,2,-93.8,49.2,0.74,2.0,,1.406,8.1,,,,,0.0,,,,3.0,0.26,0.1,0.0,0.0,2.48,0.705,361,T2,-39,Class IB,3,257.3,3,0.441,0,502,2421,,,N,,,Not Assigned,,,,C1CCCC1,RGSFGYAAUTVSQA-UHFFFAOYSA-N,InChI=1S/C5H10/c1-2-4-5-3-1/h1-5H2,287-92-3,C5H10,70.133,,,,,,N,N,N,N,N,N,N,N,N,N,N,N,N,N,N,N,N,N,N,N,N,N,N,N,Y,N,N,N,N,N,N,N,N,N,N,N,8,6,7,Hazardous,Hazardous
191,Cyclopentanone,-1.5719,-0.379222,-2.98984,0.3005,0.0103344,0,1,-51.3,130.7,0.944,14.5,0.27,1.437,10.5,,,,18.0,3.28,0.76,,0.52,,0.37,0.86,0.0,0.52,3.22,0.72,430,T2,26,Class IC,3,7.7,1,1.156,1,496,1917,,,Y,,,Not Assigned,,,,O=C1CCCC1,BGTOWKSIORTVQH-UHFFFAOYSA-N,InChI=1S/C5H8O/c6-5-3-1-2-4-5/h1-4H2,120-92-3,C5H8O,84.116,,,,,,N,N,N,N,N,N,N,N,N,N,N,N,N,N,N,N,N,N,N,N,Y,N,N,N,N,N,N,N,N,N,N,N,N,N,N,N,3,2,5,Recommended,Recommended
52,DCM [Dichloromethane],-0.6554,-6.54068,-1.33663,1.27833,1.99856,1,1,-94.9,39.7,1.317,9.0,0.309,1.424,9.9,8.9,3.1,3.0,1.0,1.6,0.82,0.3,0.0,1.25,0.39,0.57,0.1,0.05,2.02,0.494,615,T1,,Not Assigned,Not Assigned,356.6,3,0.435,0,205,898,1,16.99,N,2,600,3,3,2,,ClCCl,YMWUJEATGCHHMB-UHFFFAOYSA-N,InChI=1S/CH2Cl2/c2-1-3/h1H2,75-09-2,CH2Cl2,84.933,,,,"Reactive towards amines, pyridine, thiolates","J.Org. Chem., 2010, 75, 4292-4295",Y,N,N,N,N,N,N,N,N,N,N,N,N,N,N,N,N,N,N,N,N,Y,Y,N,N,N,N,N,N,N,N,N,N,N,N,N,1,7,7,Hazardous,Highly Hazardous
241,Decamethylcyclopentasiloxane [D5],15.681,8.59344,7.9334,0.83998,2.07318,4,8,-38.0,370.8,0.95,,,1.398,5.9,,,,,1.35,,,,,,,,,,1.59,,Not Assigned,77,Class IIIA,1,0.2,1,4.213,1,,1812,,,N,,,Not Assigned,,,,C[Si]1(C)O[Si](C)(C)O[Si](C)(C)O[Si](O[Si](O1)(C)C)(C)C,XMSXQFUHVRWGNA-UHFFFAOYSA-N,"InChI=1S/C10H30O5Si5/c1-16(2)11-17(3,4)13-19(7,8)15-20(9,10)14-18(5,6)12-16/h1-10H3",541-02-6,C10H30O5Si5,370.77,,,,,,N,N,N,N,N,N,N,N,N,N,N,N,N,N,N,N,N,N,N,N,N,N,N,N,N,N,N,N,N,N,N,N,N,N,Y,N,2,1,7,Problematic,Problematic
239,Decamethyltetrasiloxane [MD2M],14.593,5.71566,6.6462,-0.567117,0.952821,4,8,-68.0,194.0,0.854,,,1.389,,,,,,,,,,,,,,,,1.603,,Not Assigned,62,Class IIIA,1,,,,,,,,,N,,,Not Assigned,,,,C[Si](O[Si](C)(C)C)(O[Si](O[Si](C)(C)C)(C)C)C,YFCGDEUVHLPRCZ-UHFFFAOYSA-N,"InChI=1S/C10H30O3Si4/c1-14(2,3)11-16(7,8)13-17(9,10)12-15(4,5)6/h1-10H3",141-62-8,C10H30O3Si4,310.685,,,,,,N,N,N,N,N,N,N,N,N,N,N,N,N,N,N,N,N,N,N,N,N,N,N,N,N,N,N,N,N,N,N,N,N,N,Y,N,2,2,5,Recommended,Recommended
51,Decane,9.43312,-1.6408,2.77792,-2.18634,0.270926,2,6,-29.6,172.5,0.726,2.0,0.009,1.412,7.7,7.7,0.0,0.0,,0.07,,,,6.25,0.0,0.0,0.0,0.0,,1.518,201,T3,46,Class II,2,1.2,1,0.917,0,338,3022,,,N,,,Not Assigned,,,,CCCCCCCCCC,DIOQZVSQGTUSAI-UHFFFAOYSA-N,"InChI=1S/C10H22/c1-3-5-7-9-10-8-6-4-2/h3-10H2,1-2H3",124-18-5,C10H22,142.282,,,,,,N,N,N,N,N,N,N,N,N,N,N,N,N,N,N,N,N,N,N,N,N,N,N,N,Y,N,N,N,N,N,N,N,N,N,N,N,4,2,5,Problematic,Problematic
60,Di-isopropylether,2.44956,-0.273683,-1.01215,-3.40894,-0.903594,0,2,-85.5,68.3,0.719,4.0,0.105,1.368,7.1,,,,19.0,1.13,0.27,0.0,0.49,1.52,0.0,0.19,0.0,0.41,,1.013,443,T2,-28,Class IB,3,119.4,2,0.331,0,419,2918,,1.06,N,,,Not Assigned,,,,CC(OC(C)C)C,ZAFNJMIOTHYJRJ-UHFFFAOYSA-N,"InChI=1S/C6H14O/c1-5(2)7-6(3)4/h5-6H,1-4H3",108-20-3,C6H14O,102.175,,,,Readily forms peroxides,,Y,N,N,N,N,N,N,N,N,N,N,N,N,N,N,N,N,N,N,Y,N,N,N,N,N,N,N,N,N,N,N,N,N,N,N,N,9,3,5,Hazardous,Hazardous
62,Di-n-butylether,4.69166,1.20323,0.674212,-2.76048,-0.416863,4,8,-95.2,142.0,0.742,3.2,0.071,1.399,7.8,,,,19.0,1.18,0.24,0.0,0.46,3.21,0.0,0.25,0.0,0.45,3.92,1.295,195,T4,25,Class IC,3,4.5,1,0.694,0,245,3420,,1.49,N,,,Not Assigned,,,,CCCCOCCCC,DURPTKYDGMDSBL-UHFFFAOYSA-N,"InChI=1S/C8H18O/c1-3-5-7-9-8-6-4-2/h3-8H2,1-2H3",142-96-1,C8H18O,130.228,,,,,,N,N,N,N,N,N,N,N,N,N,N,N,N,N,N,N,N,N,N,Y,N,N,N,N,N,N,N,N,N,N,N,N,N,N,N,N,5,5,5,Problematic,Problematic
63,Di-n-propylether,2.69426,-0.662813,-0.844698,-3.21789,-0.680355,2,2,-123.2,90.1,0.736,3.4,0.102,1.381,7.6,,,,17.8,1.12,0.27,0.0,0.46,2.03,0.01,0.25,0.0,0.45,2.95,1.013,215,T3,21,Class IB,3,45.8,2,0.422,0,381,2927,,4.18,N,,,Not Assigned,,,,CCCOCCC,POLCUAVZOMRGSN-UHFFFAOYSA-N,"InChI=1S/C6H14O/c1-3-5-7-6-4-2/h3-6H2,1-2H3",111-43-3,C6H14O,102.175,,,,,,N,N,N,N,N,N,N,N,N,N,N,N,N,N,N,N,N,N,N,Y,N,N,N,N,N,N,N,N,N,N,N,N,N,N,N,N,8,5,5,Hazardous,Hazardous
193,Dibutylamine,2.78726,3.55864,0.532734,-2.19684,-2.25272,4,8,-62.0,159.6,0.76,,,1.42,8.2,,,,,0.98,,,0.7,2.68,0.11,0.3,0.08,0.69,4.35,1.336,260,T3,39,Class II,2,2.0,1,0.36,0,59,,,,N,,,Not Assigned,,,,CCCCNCCCC,JQVDAXLFBXTEQA-UHFFFAOYSA-N,"InChI=1S/C8H19N/c1-3-5-7-9-8-6-4-2/h9H,3-8H2,1-2H3",111-92-2,C8H19N,129.243,,,,,,N,N,N,N,N,N,N,N,N,Y,N,Y,N,N,N,Y,N,N,N,N,N,N,N,N,N,N,N,N,N,N,N,N,N,N,N,N,3,9,3,Hazardous,Hazardous
55,Diethyl Carbonate,1.593,-0.540137,-0.641984,-2.3487,1.28387,0,0,-43.0,126.5,0.969,2.9,0.185,1.384,8.5,8.1,1.5,3.0,16.0,1.07,0.45,0.0,0.4,1.21,,,,,,0.946,445,T2,25,Class IC,3,7.7,1,0.805,0,215,1913,,18.81,N,,,Not Assigned,,,,CCOC(=O)OCC,OIFBSDVPJOWBCH-UHFFFAOYSA-N,"InChI=1S/C5H10O3/c1-3-7-5(6)8-4-2/h3-4H2,1-2H3",105-58-8,C5H10O3,118.131,,,,,,N,N,N,N,N,N,N,N,N,N,N,N,N,N,N,N,N,Y,N,N,N,N,N,N,N,N,N,N,N,N,N,N,N,N,N,N,2,5,3,Recommended,Recommended
53,Diethyl Ether [Ether],0.74113,-2.09667,-2.27144,-3.98644,-0.843687,0,2,-116.3,34.7,0.708,4.4,0.117,1.352,7.5,7.1,1.4,2.5,19.2,1.11,0.27,0.0,0.47,0.89,0.04,0.25,0.0,0.45,2.02,0.731,160,T4,-45,Class IA,3,439.5,3,0.235,0,441,3265,3,88.3,N,3,5000,2,1,2,,CCOCC,RTZKZFJDLAIYFH-UHFFFAOYSA-N,"InChI=1S/C4H10O/c1-3-5-4-2/h3-4H2,1-2H3",60-29-7,C4H10O,74.122,Static Risk,,,,,Y,N,N,N,N,N,N,N,N,N,N,N,N,N,N,N,N,N,N,Y,N,N,N,N,N,N,N,N,N,N,N,N,N,N,N,N,10,3,7,Hazardous,Highly Hazardous
54,Diethylamine,-0.678531,0.0716492,-2.33878,-3.4117,-3.08979,0,0,-49.8,55.6,0.702,3.9,0.145,1.385,8.0,7.3,1.1,3.0,50.0,1.03,,,,0.58,0.15,0.3,0.08,0.69,2.4,0.772,310,T2,-39,Class IB,3,173.5,3,0.318,0,539,3443,,,N,,,Not Assigned,,,,CCNCC,HPNMFZURTQLUMO-UHFFFAOYSA-N,"InChI=1S/C4H11N/c1-3-5-4-2/h5H,3-4H2,1-2H3",109-89-7,C4H11N,73.137,,,,,,N,N,N,N,N,N,N,N,N,Y,N,Y,N,N,N,Y,N,N,N,N,N,N,N,N,N,N,N,N,N,N,N,N,N,N,N,N,8,7,5,Hazardous,Hazardous
56,Diethylene Glycol,-7.96058,2.82674,3.45365,0.601903,-0.443717,3,7,-7.8,245.7,1.109,31.7,0.71,1.448,14.2,7.9,7.2,10.0,,2.31,,,,,,,,,,0.848,229,T3,124,Class IIIB,1,0.0,1,36.788,2,393,2072,,,Y,,,Not Assigned,,,,OCCOCCO,MTHSVFCYNBDYFN-UHFFFAOYSA-N,"InChI=1S/C4H10O3/c5-1-3-7-4-2-6/h5-6H,1-4H2",111-46-6,C4H10O3,106.12,,,,,,N,N,Y,N,N,N,N,N,N,N,N,N,N,N,N,N,N,N,N,Y,N,N,N,N,N,N,N,N,N,N,N,N,N,N,N,N,2,1,7,Problematic,Problematic
57,Diethyleneglycol diethyl ether,0.844019,7.20545,0.165157,-2.46977,-0.429913,4,8,-44.3,189.3,0.906,5.7,0.21,1.412,8.7,,,,,1.96,,,,0.39,,,,,,1.412,216,T3,82,Class IIIA,1,0.4,1,1.358,1,81,2438,,193.25,Not Determined,,,Not Assigned,,,,CCOCCOCCOCC,RRQYJINTUHWNHW-UHFFFAOYSA-N,"InChI=1S/C8H18O3/c1-3-9-5-7-11-8-6-10-4-2/h3-8H2,1-2H3",112-36-7,C8H18O3,162.227,,REACH Candidate list - consider alternatives,http://echa.europa.eu/web/guest/candidate-list-table,,,N,N,N,N,N,N,N,N,N,N,N,N,N,N,N,N,N,N,N,Y,N,N,N,N,N,N,N,N,N,N,N,N,N,N,N,N,2,3,5,Recommended,Recommended
58,Diglyme [Diethyleneglycol dimethyl ether],-0.771327,5.44963,-0.996489,-2.44881,-0.397098,3,3,-64.0,159.8,0.938,7.3,0.244,1.408,9.1,,,,,1.92,0.64,0.0,,-0.36,,,,,,1.13,188,T4,63,Class IIIA,1,1.1,1,1.07,1,263,2760,1,,Y,,,3,2,2,,COCCOCCOC,SBZXBUIDTXKZTM-UHFFFAOYSA-N,"InChI=1S/C6H14O3/c1-7-3-5-9-6-4-8-2/h3-6H2,1-2H3",111-96-6,C6H14O3,134.174,,REACH Candidate list - consider alternatives,http://echa.europa.eu/web/guest/candidate-list-table,,,N,N,N,N,N,N,N,N,N,N,N,N,N,N,N,N,N,N,N,Y,N,N,N,N,N,N,N,N,N,N,N,N,N,N,N,N,3,9,5,Hazardous,Hazardous
172,Dihydrofuran-2(3H)-one [Butyrolactone],-3.94934,-0.431024,-2.89993,1.62084,2.45143,1,1,-43.4,204.4,1.125,41.0,0.42,1.437,12.9,9.3,8.1,3.6,18.0,4.27,0.87,0.0,0.49,-0.64,,,,,,0.638,455,T1,98,Class IIIB,1,0.2,1,1.634,1,371,1449,,,Y,,,Not Assigned,,,,O=C1CCCO1,YEJRWHAVMIAJKC-UHFFFAOYSA-N,InChI=1S/C4H6O2/c5-4-2-1-3-6-4/h1-3H2,96-48-0,C4H6O2,86.089,,,,,,N,N,N,N,N,N,N,N,N,N,N,N,N,N,N,N,N,N,Y,N,N,N,N,N,N,N,N,N,N,N,N,N,N,N,N,N,1,4,7,Problematic,Problematic
233,Dihydrolevoglucosenone (Cyrene),-14.1574,15.4967,-3.0099,4.36439,2.3627,3,3,-18.0,203.0,1.25,,0.333,,,9.2,5.2,3.4,,,0.93,0.0,0.61,,,,,,,0.87,,Not Assigned,,Not Assigned,Not Assigned,,,,,,,,,Y,,,Not Assigned,,,,O=C1CC[C@@H]2O[C@H]1OC2,WHIRALQRTSITMI-UJURSFKZSA-N,"InChI=1S/C6H8O3/c7-5-2-1-4-3-8-6(5)9-4/h4,6H,1-3H2/t4-,6+/m0/s1",1087696-49-8,C6H8O3,128.126,Chiral solvent - Could be problematic for asymmetric reactions.,,,,,N,N,N,N,N,N,N,N,N,N,N,N,N,N,N,N,N,N,N,Y,Y,N,N,N,N,N,N,N,N,N,N,N,N,N,N,N,1,2,7,Problematic,Problematic
59,DiIodomethane,1.29514,-3.46526,-1.53425,8.56989,-1.40893,2,2,6.1,182.0,3.308,5.3,0.179,1.74,11.8,8.7,1.9,2.7,,1.15,1.12,,0.0,2.5,1.45,0.69,0.05,0.23,3.86,0.766,,Not Assigned,104,Class IIIB,1,0.8,1,5.895,1,38,128,,,N,,,Not Assigned,,,,ICI,NZZFYRREKKOMAT-UHFFFAOYSA-N,InChI=1S/CH2I2/c2-1-3/h1H2,75-11-6,CH2I2,267.836,,,,,,Y,N,N,N,N,N,N,N,N,N,N,N,N,N,N,N,N,N,N,N,N,Y,N,N,N,N,N,N,N,N,N,N,N,N,N,N,2,7,5,Problematic,Problematic
205,Diisopropylamine,1.73737,1.13918,-1.37056,-2.87883,-2.66141,0,0,-96.3,83.9,0.71,3.0,,1.392,7.4,,,,,1.02,,,,1.4,,,,,,1.054,316,T2,-7,Class IB,3,63.9,2,0.588,0,542,3001,,,N,,,Not Assigned,,,,CC(NC(C)C)C,UAOMVDZJSHZZME-UHFFFAOYSA-N,"InChI=1S/C6H15N/c1-5(2)7-6(3)4/h5-7H,1-4H3",108-18-9,C6H15N,101.19,,,,,,N,N,N,N,N,N,N,N,N,Y,N,Y,N,N,N,Y,N,N,N,N,N,N,N,N,N,N,N,N,N,N,N,N,N,N,N,N,6,8,5,Hazardous,Hazardous
168,Dimethyl Adipate,0.982668,4.73123,0.443937,-0.453124,2.08847,4,8,8.0,109.5,1.063,,,1.428,,,,,,,,,,1.03,,,,,,1.385,400,T2,110,Class IIIB,1,,,,,,,,,N,,,Not Assigned,,,,COC(=O)CCCCC(=O)OC,UDSFAEKRVUSQDD-UHFFFAOYSA-N,"InChI=1S/C8H14O4/c1-11-7(9)5-3-4-6-8(10)12-2/h3-6H2,1-2H3",627-93-0,C8H14O4,174.194,,,,,,N,N,N,N,N,N,N,N,N,N,N,N,N,N,N,N,N,N,Y,N,N,N,N,N,N,N,N,N,N,N,N,N,N,N,N,N,1,5,5,Problematic,Problematic
128,Dimethyl Carbonate,-0.567427,-2.58546,-1.60665,-2.29901,1.54198,1,1,4.0,90.3,1.063,3.2,0.232,1.368,9.5,7.6,1.9,4.7,17.2,0.93,,0.0,0.38,,,,,,,0.664,458,T1,17,Class IB,3,,,0.618,0,419,1719,,,N,,,Not Assigned,,,,COC(=O)OC,IEJIGPNLZYLLBP-UHFFFAOYSA-N,InChI=1S/C3H6O3/c1-5-3(4)6-2/h1-2H3,616-38-6,C3H6O3,90.078,,,,,,N,N,N,N,N,N,N,N,N,N,N,N,N,N,N,N,N,Y,N,N,N,N,N,N,N,N,N,N,N,N,N,N,N,N,N,N,4,1,3,Recommended,Recommended
140,Dimethyl Sulfite,-0.838404,-1.73469,-2.16002,0.3466,1.7674,0,1,,126.5,1.207,21.9,,1.409,,,,,,2.84,,,,,,,,,,0.73,,Not Assigned,38,Class II,2,,,,,,,,,N,,,Not Assigned,,,,COS(=O)OC,BDUPRNVPXOHWIL-UHFFFAOYSA-N,InChI=1S/C2H6O3S/c1-4-6(3)5-2/h1-2H3,616-42-2,C2H6O3S,110.132,,,,,,N,N,N,N,N,N,N,N,N,N,N,N,N,N,N,N,N,N,N,N,N,N,N,N,N,N,N,N,Y,N,N,Y,N,N,N,N,4,5,5,Problematic,Problematic
64,Diphenyl Ether,7.94995,2.60568,2.347,6.40646,-0.595509,4,8,26.9,258.4,1.075,3.7,0.142,1.581,10.1,,,,,1.17,0.66,0.0,0.13,4.21,1.22,1.08,0.0,0.2,6.29,1.383,618,T1,96,Class IIIB,1,0.0,1,4.198,1,,1450,1,0.02,N,,,1,2,3,1,c1ccc(cc1)Oc1ccccc1,USIUVYZYUHIAEV-UHFFFAOYSA-N,InChI=1S/C12H10O/c1-3-7-11(8-4-1)13-12-9-5-2-6-10-12/h1-10H,101-84-8,C12H10O,170.207,,,,,,N,N,N,N,N,N,N,N,N,N,N,N,N,N,N,N,Y,N,N,Y,N,N,N,N,N,N,N,N,N,N,N,N,N,N,N,N,3,2,7,Problematic,Problematic
188,Dipropylamine,1.49333,1.86028,-0.913092,-2.88531,-2.63241,0,4,-63.0,109.3,0.73,,,1.4,8.0,7.5,0.7,2.0,40.0,1.07,,,,1.67,0.12,0.3,0.08,0.69,3.35,1.054,299,T3,17,Class IB,3,20.8,2,0.46,0,249,,,,N,,,Not Assigned,,,,CCCNCCC,WEHWNAOGRSTTBQ-UHFFFAOYSA-N,"InChI=1S/C6H15N/c1-3-5-7-6-4-2/h7H,3-6H2,1-2H3",142-84-7,C6H15N,101.19,,,,,,N,N,N,N,N,N,N,N,N,Y,N,Y,N,N,N,Y,N,N,N,N,N,N,N,N,N,N,N,N,N,N,N,N,N,N,N,N,5,7,5,Problematic,Problematic
271,Dipropylene Glycol Dimethyl Ether,1.33946,5.27547,0.0709312,-2.02499,-0.279248,4,8,-71.0,175.0,0.903,,,,,14.9,1.0,1.9,,,,,,,,,,,,1.412,165,T4,65,Class IIIA,1,,,,,,,,,Not Determined,,,Not Assigned,,,,COCC(OCC(OC)C)C,OQUIHNRSFOIOFU-UHFFFAOYSA-N,"InChI=1S/C8H18O3/c1-7(10-4)6-11-8(2)5-9-3/h7-8H,5-6H2,1-4H3",111109-77-4,C8H18O3,162.227,Racemic mixture - Could be problematic for asymmetric reactions.,,,,,N,N,N,N,N,N,N,N,N,N,N,N,N,N,N,N,N,N,N,Y,N,N,N,N,N,N,N,N,N,N,N,N,N,N,N,N,2,5,5,Problematic,Problematic
79,"DMA [N,N-Dimethylacetamide]",-4.29237,3.02392,-3.37915,0.545871,0.145789,3,3,-20.0,166.1,0.937,38.3,0.377,1.438,10.8,8.2,5.6,5.0,27.8,3.78,0.88,0.0,0.78,-0.77,0.36,1.33,0.0,0.78,3.72,0.788,354,T2,63,Class IIIA,1,2.9,1,1.762,1,,2107,1,1122.33,Y,2,1090,3,2,1,2,CC(=O)N(C)C,FXHOOIRPVKKKFG-UHFFFAOYSA-N,InChI=1S/C4H9NO/c1-4(6)5(2)3/h1-3H3,127-19-5,C4H9NO,87.12,,REACH Candidate list - consider alternatives,http://echa.europa.eu/web/guest/candidate-list-table,,,Y,N,N,N,N,Y,N,N,Y,N,N,N,N,N,N,N,N,N,N,N,N,N,N,N,N,N,N,N,N,N,N,N,N,N,N,N,1,9,5,Hazardous,Hazardous
80,"DMF [N,N-Dimethylformamide]",-5.08112,1.55541,-3.71763,0.752001,0.599084,3,3,-60.4,153.0,0.945,37.1,0.386,1.431,11.8,8.5,6.7,5.5,26.6,3.79,0.88,0.0,0.69,-1.01,0.37,1.31,0.0,0.74,3.17,0.647,445,T2,58,Class II,2,2.7,1,0.868,0,507,2134,1,945.98,Y,2,880,3,2,1,2,O=CN(C)C,ZMXDDKWLCZADIW-UHFFFAOYSA-N,"InChI=1S/C3H7NO/c1-4(2)3-5/h3H,1-2H3",68-12-2,C3H7NO,73.094,,REACH Candidate list - consider alternatives,http://echa.europa.eu/web/guest/candidate-list-table,,,Y,N,N,N,N,Y,N,N,Y,N,N,N,N,N,N,N,N,N,N,N,N,N,N,N,N,N,N,N,N,N,N,N,N,N,N,N,3,9,5,Hazardous,Hazardous
120,"DMI [1,3-dimethylimidazolidin-2-one]",-2.28264,3.8017,-2.0342,1.25428,-0.365918,3,3,8.0,225.0,1.058,,0.36,1.472,,,,,,,,,,,,,,,,0.92,300,T2,93,Class IIIA,1,,,,,,,,,Y,,,Not Assigned,,,,CN1CCN(C1=O)C,CYSGHNMQYZDMIA-UHFFFAOYSA-N,"InChI=1S/C5H10N2O/c1-6-3-4-7(2)5(6)8/h3-4H2,1-2H3",80-73-9,C5H10N2O,114.146,,,,,,N,N,N,N,N,N,N,N,N,N,N,N,N,N,N,N,N,N,N,N,N,N,N,N,N,N,N,N,N,N,N,N,N,Y,N,N,1,6,7,Problematic,Problematic
129,DMI [Dimethyl isosorbide],-1.02462,7.19679,0.0371237,1.02998,0.753456,3,7,-70.0,393.0,1.165,,,1.463,,,,,,,,,,,,,,,,1.253,,Not Assigned,108,Class IIIB,1,,,,,,,,,N,,,Not Assigned,,,,CO[C@@H]1CO[C@H]2[C@@H]1OC[C@@H]2OC,MEJYDZQQVZJMPP-ULAWRXDQSA-N,"InChI=1S/C8H14O4/c1-9-5-3-11-8-6(10-2)4-12-7(5)8/h5-8H,3-4H2,1-2H3/t5-,6+,7-,8-/m1/s1",5306-85-4,C8H14O4,174.194,Chiral solvent - Could be problematic for asymmetric reactions.,,,,,N,N,N,N,N,N,N,N,N,N,N,N,N,N,N,N,N,N,N,Y,N,N,N,N,N,N,N,N,N,N,N,N,N,N,N,N,1,5,5,Problematic,Problematic
119,"DMPU [1,3-dimethyltetrahydropyrimidin-2(1H)-one]",-2.43265,4.88751,-2.09733,1.46339,-1.0033,3,3,-23.0,244.6,1.056,,,1.489,,,,,,,,,,,,,,,,1.061,,Not Assigned,120,Class IIIB,1,,,,,,,,,Y,,,Not Assigned,,,,O=C1N(C)CCCN1C,GUVUOGQBMYCBQP-UHFFFAOYSA-N,"InChI=1S/C6H12N2O/c1-7-4-3-5-8(2)6(7)9/h3-5H2,1-2H3",7226-23-5,C6H12N2O,128.172,Skin sensitiser,,,,,N,N,N,N,N,N,N,N,N,N,N,N,N,N,N,N,N,N,N,N,N,N,N,N,N,N,N,N,N,N,N,N,N,Y,N,N,1,6,7,Problematic,Problematic
61,DMSO [Dimethylsulfoxide],-7.15801,4.00531,-3.9992,2.58802,0.563683,3,3,18.5,189.0,1.095,46.7,0.444,1.479,13.1,9.0,8.0,5.0,29.8,3.96,1.0,0.0,0.76,-1.35,0.52,1.74,0.0,0.88,3.46,0.613,215,T3,88,Class IIIA,1,0.4,1,2.201,1,700,,1,,Y,3,5000,1,1,1,2,CS(=O)C,IAZDPXIOMUYVGZ-UHFFFAOYSA-N,InChI=1S/C2H6OS/c1-4(2)3/h1-2H3,67-68-5,C2H6OS,78.133,High melting point,,,Strong electrophiles can lead to formation of methylthiomethyl adducts,,N,N,N,N,N,N,N,N,N,N,N,N,N,N,N,N,N,N,N,N,N,N,N,N,N,N,N,N,Y,N,Y,N,N,N,N,N,1,1,5,Recommended,Problematic
260,DPM Glycol Ether [Dipropylene glycol methyl ether],-0.725119,5.01033,-0.563842,-1.54975,0.326459,3,3,-83.0,190.0,0.953,,,1.42,8.9,7.6,2.0,5.6,,2.47,,,,,,,,,,1.271,207,T3,75,Class IIIA,1,0.4,1,,,406,,,,Y,,,Not Assigned,,,,COCC(OCC(O)C)C,WGYZMNBUZFHYRX-UHFFFAOYSA-N,"InChI=1S/C7H16O3/c1-6(8)4-10-7(2)5-9-3/h6-8H,4-5H2,1-3H3",34590-94-8,C7H16O3,148.2,Racemic mixture - Could be problematic for asymmetric reactions.,,,,,N,N,Y,N,N,N,N,N,N,N,N,N,N,N,N,N,N,N,N,Y,N,N,N,N,N,N,N,N,N,N,N,N,N,N,N,N,2,5,5,Problematic,Problematic
261,DPMA Glycol Ether [Dipropylene glycol methyl ether acetate],3.09955,5.81533,1.21997,-0.913607,0.771386,4,8,-25.0,209.0,0.979,,,,8.5,7.4,2.6,2.1,,0.0,,,,,,,,,,1.569,285,T3,86,Class IIIA,1,0.1,1,,,,,,,Not Determined,,,Not Assigned,,,,COCC(OCC(OC(=O)C)C)C,LAVARTIQQDZFNT-UHFFFAOYSA-N,"InChI=1S/C9H18O4/c1-7(5-11-4)12-6-8(2)13-9(3)10/h7-8H,5-6H2,1-4H3",88917-22-0,C9H18O4,190.237,Racemic mixture - Could be problematic for asymmetric reactions.,,,,,N,N,N,N,N,N,N,N,N,N,N,N,N,N,N,N,N,N,Y,Y,N,N,N,N,N,N,N,N,N,N,N,N,N,N,N,N,2,5,5,Problematic,Problematic
262,DPnB Glycol Ether [Dipropylene glycol n-butyl ether],2.40804,7.4026,1.63708,-1.40445,0.605032,4,8,-75.0,230.0,0.911,,,,,7.2,1.2,4.3,,,,,,,,,,,,1.694,194,T4,100,Class IIIB,1,,,4.703,1,277,,,,Not Determined,,,Not Assigned,,,,CCCCOCC(OCC(O)C)C,CUVLMZNMSPJDON-UHFFFAOYSA-N,"InChI=1S/C10H22O3/c1-4-5-6-12-8-10(3)13-7-9(2)11/h9-11H,4-8H2,1-3H3",29911-28-2,C10H22O3,190.28,Racemic mixture - Could be problematic for asymmetric reactions.,,,,,N,N,Y,N,N,N,N,N,N,N,N,N,N,N,N,N,N,N,N,Y,N,N,N,N,N,N,N,N,N,N,N,N,N,N,N,N,1,5,7,Problematic,Problematic
250,DPnP Glycol Ether [1-(1-propoxypropan-2-yloxy)propan-2-ol],1.13119,6.82277,0.803624,-1.6561,0.398027,4,8,-75.0,213.0,0.911,,,,,7.3,1.5,4.7,,,,,,,,,,,,1.553,205,T3,88,Class IIIA,1,,,,,,,,,Not Determined,,,Not Assigned,,,,CCCOCC(OCC(O)C)C,WEZPLQKRXDBPEP-UHFFFAOYSA-N,"InChI=1S/C9H20O3/c1-4-5-11-7-9(3)12-6-8(2)10/h8-10H,4-7H2,1-3H3",29911-27-1,C9H20O3,176.253,Racemic mixture - Could be problematic for asymmetric reactions.,,,,,N,N,Y,N,N,N,N,N,N,N,N,N,N,N,N,N,N,N,N,Y,N,N,N,N,N,N,N,N,N,N,N,N,N,N,N,N,1,5,7,Problematic,Problematic
251,EPh Glycol Ether [2-phenoxyethanol],-1.42132,2.28022,3.93606,4.14949,-1.05192,3,7,15.0,244.0,1.11,,,1.537,11.5,8.7,2.8,7.0,,,,,,1.16,,,,,,1.116,495,T1,119,Class IIIB,1,0.0,1,,,,,,,Not Determined,,,Not Assigned,,,,OCCOc1ccccc1,QCDWFXQBSFUVSP-UHFFFAOYSA-N,"InChI=1S/C8H10O2/c9-6-7-10-8-4-2-1-3-5-8/h1-5,9H,6-7H2",122-99-6,C8H10O2,138.164,,,,,,N,N,Y,N,N,N,N,N,N,N,N,N,N,N,N,N,N,N,N,Y,N,N,N,N,N,N,N,N,N,N,N,N,N,N,N,N,1,5,7,Problematic,Problematic
171,"Ethane-1,2-diyl diacetate [Ethylene glycol diacetate]",-0.216736,3.40473,-0.0766134,0.349723,2.52044,3,3,-31.0,190.5,1.1,,,1.42,10.0,,,,,2.34,,,,,,,,,,1.103,482,T1,88,Class IIIA,1,0.0,1,2.681,1,524,1666,,,Y,,,Not Assigned,,,,CC(=O)OCCOC(=O)C,JTXMVXSTHSMVQF-UHFFFAOYSA-N,"InChI=1S/C6H10O4/c1-5(7)9-3-4-10-6(2)8/h3-4H2,1-2H3",111-55-7,C6H10O4,146.141,,,,,,N,N,N,N,N,N,N,N,N,N,N,N,N,N,N,N,N,N,Y,N,N,N,N,N,N,N,N,N,N,N,N,N,N,N,N,N,1,1,5,Recommended,Recommended
65,Ethanol,-6.8371,-3.676,1.11638,-2.0345,-0.948893,1,5,-114.5,78.3,0.785,24.6,0.65,1.361,12.8,7.7,4.3,9.5,32.0,1.74,0.54,0.83,0.77,-0.3,0.25,0.42,0.37,0.48,1.49,0.449,423,T2,13,Class IB,3,39.0,2,1.195,1,1029,3052,1,782.35,Y,3,5000,1,1,1,2,CCO,LFQSCWFLJHTTHZ-UHFFFAOYSA-N,"InChI=1S/C2H6O/c1-2-3/h3H,2H2,1H3",64-17-5,C2H6O,46.068,"When denatured (as IMS) may have different denaturants  - IPA, MeOH.  Absolute EtOH has trace benzene content.",,,,,N,N,Y,N,N,N,N,N,N,N,N,N,N,N,N,N,N,N,N,N,N,N,N,N,N,N,N,N,N,N,N,N,N,N,N,N,4,3,3,Recommended,Recommended
16,Ethanolamine [2-Aminoethanol],-8.38199,0.423377,-0.393555,1.23633,-0.977211,3,3,10.5,170.4,1.018,37.7,0.65,1.455,15.5,,,,,2.28,,,,-1.31,,,,,,0.549,410,T2,85,Class IIIA,1,0.2,1,25.229,2,1167,2636,,1004.43,Y,,,Not Assigned,,,,NCCO,HZAXFHJVJLSVMW-UHFFFAOYSA-N,"InChI=1S/C2H7NO/c3-1-2-4/h4H,1-3H2",141-43-5,C2H7NO,61.083,,,,,,N,N,Y,N,N,N,N,N,N,Y,Y,N,N,N,N,Y,N,N,N,N,N,N,N,N,N,N,N,N,N,N,N,N,N,N,N,N,1,7,5,Problematic,Problematic
67,Ethoxybenzene [phenetole],4.30035,-0.519954,-0.26524,2.68989,-0.925248,2,2,-29.5,169.8,0.96,4.2,0.182,1.507,9.5,,,,8.0,1.41,0.69,0.0,0.2,2.51,0.68,0.7,0.0,0.32,4.24,1.057,,Not Assigned,52,Class II,2,1.1,1,1.288,1,284,1918,,0.57,N,,,Not Assigned,,,,CCOc1ccccc1,DLRJIFUOBPOJNS-UHFFFAOYSA-N,"InChI=1S/C8H10O/c1-2-9-8-6-4-3-5-7-8/h3-7H,2H2,1H3",103-73-1,C8H10O,122.164,,,,,,N,N,N,N,N,N,N,N,N,N,N,N,N,N,N,N,Y,N,N,Y,N,N,N,N,N,N,N,N,N,N,N,N,N,N,N,N,4,5,5,Problematic,Problematic
267,Ethyl 3-Ethoxypropionate,1.97897,-0.0824705,0.203245,-2.74958,1.68665,0,0,,169.7,0.789,,,1.4,9.0,7.6,1.6,4.3,,0.0,,,,,,,,,,1.228,377,T2,138,Class IIIB,1,0.9,1,1.287,1,437,2407,,,N,,,Not Assigned,,,,CCOCCC(=O)OCC,BHXIWUJLHYHGSJ-UHFFFAOYSA-N,"InChI=1S/C7H14O3/c1-3-9-6-5-7(8)10-4-2/h3-6H2,1-2H3",763-69-9,C7H14O3,146.184,,,,,,N,N,N,N,N,N,N,N,N,N,N,N,N,N,N,N,N,N,Y,Y,N,N,N,N,N,N,N,N,N,N,N,N,N,N,N,N,3,5,5,Problematic,Problematic
135,"Ethyl 3-oxobutanoate [Ethyl acetoacetate, EAA]",-0.748251,2.35542,-0.696179,0.284149,1.88884,0,3,-39.0,180.9,1.02,15.7,0.577,1.421,9.8,,,,,2.96,0.61,,,0.25,,,,,,1.044,295,T3,57,Class II,2,0.6,1,1.726,1,212,1879,,,N,,,Not Assigned,,,,CCOC(=O)CC(=O)C,XYIBRDXRRQCHLP-UHFFFAOYSA-N,"InChI=1S/C6H10O3/c1-3-9-6(8)4-5(2)7/h3-4H2,1-2H3",141-97-9,C6H10O3,130.142,,,,,,N,N,N,N,N,N,N,N,N,N,N,N,N,N,N,N,N,N,Y,Y,Y,N,N,N,N,N,N,N,N,N,N,N,N,N,N,N,2,5,5,Problematic,Problematic
66,Ethyl Acetate,-0.649342,-1.50367,-2.24681,-2.20261,1.0132,0,1,-83.6,77.2,0.895,6.0,0.228,1.372,8.9,7.7,2.6,3.5,17.1,1.78,0.55,0.0,0.45,0.73,0.11,0.62,0.0,0.45,2.31,0.747,427,T2,-4,Class IB,3,73.8,2,0.451,0,360,2113,1,80.17,N,3,5000,2,1,1,2,CCOC(=O)C,XEKOWRVHYACXOJ-UHFFFAOYSA-N,"InChI=1S/C4H8O2/c1-3-6-4(2)5/h3H2,1-2H3",141-78-6,C4H8O2,88.105,,,,Hydrolyses at extremes of pH,,N,N,N,N,N,N,N,N,N,N,N,N,N,N,N,N,N,N,Y,N,N,N,N,N,N,N,N,N,N,N,N,N,N,N,N,N,5,3,3,Recommended,Recommended
210,Ethyl butyrate,1.55145,-0.243731,-0.823583,-1.99333,1.0978,0,0,-98.0,120.9,0.87,,,1.39,8.3,,,,16.8,1.91,,,,,,,,,,1.028,463,T1,24,Class IC,3,13.4,1,0.665,0,204,2241,,,N,,,Not Assigned,,,,CCCC(=O)OCC,OBNCKNCVKJNDBV-UHFFFAOYSA-N,"InChI=1S/C6H12O2/c1-3-5-6(7)8-4-2/h3-5H2,1-2H3",105-54-4,C6H12O2,116.158,,,,,,N,N,N,N,N,N,N,N,N,N,N,N,N,N,N,N,N,N,Y,N,N,N,N,N,N,N,N,N,N,N,N,N,N,N,N,N,3,5,5,Problematic,Problematic
165,Ethyl Formate,-1.62046,-3.06415,-2.54326,-2.04004,1.91163,1,1,-76.9,54.2,0.915,7.2,0.32,1.36,9.3,7.6,4.1,4.1,,1.94,0.61,0.0,0.36,0.23,0.15,0.66,0.0,0.38,1.85,0.606,455,T1,-20,Class IB,3,194.5,3,0.403,0,271,2109,,,N,,,Not Assigned,,,,CCOC=O,WBJINCZRORDGAQ-UHFFFAOYSA-N,"InChI=1S/C3H6O2/c1-2-5-3-4/h3H,2H2,1H3",109-94-4,C3H6O2,74.079,,,,,,N,N,N,N,N,N,N,N,N,N,N,N,N,N,N,N,N,N,Y,N,N,N,N,N,N,N,N,N,N,N,N,N,N,N,N,N,5,6,5,Problematic,Problematic
124,Ethyl Lactate,-1.7406,0.8075,-0.364763,-0.350021,1.82471,0,0,-26.0,154.0,1.027,13.1,0.63,1.412,10.0,7.8,3.7,6.1,,2.55,,,,,,,,,,0.946,400,T2,16,Class IB,3,2.7,1,2.655,1,,,,,N,,,Not Assigned,,,,CCOC(=O)C(O)C,LZCLXQDLBQLTDK-UHFFFAOYSA-N,"InChI=1S/C5H10O3/c1-3-8-5(7)4(2)6/h4,6H,3H2,1-2H3",97-64-3,C5H10O3,118.131,Chiral solvent - Could be problematic for asymmetric reactions.,,,,,N,N,Y,N,N,N,N,N,N,N,N,N,N,N,N,N,N,N,Y,N,N,N,N,N,N,N,N,N,N,N,N,N,N,N,N,N,3,4,5,Recommended,Recommended
209,Ethyl propionate,0.538726,-0.939867,-1.48334,-2.28471,1.03072,0,0,-73.9,99.0,0.88,,,1.38,8.8,,,,17.1,1.75,0.47,0.0,0.42,1.21,,,,,,0.888,477,T1,12,Class IB,3,28.3,2,0.53,0,438,,,,N,,,Not Assigned,,,,CCOC(=O)CC,FKRCODPIKNYEAC-UHFFFAOYSA-N,"InChI=1S/C5H10O2/c1-3-5(6)7-4-2/h3-4H2,1-2H3",105-37-3,C5H10O2,102.132,,,,,,N,N,N,N,N,N,N,N,N,N,N,N,N,N,N,N,N,N,Y,N,N,N,N,N,N,N,N,N,N,N,N,N,N,N,N,N,4,5,5,Problematic,Problematic
215,Ethylbenzene,5.02577,-2.98897,-0.395021,1.19302,-1.4861,2,2,-95.0,136.2,0.863,2.4,,1.496,8.8,8.7,0.3,0.7,6.0,0.58,,,,3.15,,,,,,0.998,432,T2,15,Class IB,3,7.1,1,0.668,0,318,2009,,,N,,,Not Assigned,,,,CCc1ccccc1,YNQLUTRBYVCPMQ-UHFFFAOYSA-N,"InChI=1S/C8H10/c1-2-8-6-4-3-5-7-8/h3-7H,2H2,1H3",100-41-4,C8H10,106.165,,,,,,N,N,N,N,N,N,N,N,N,N,N,N,N,N,N,N,Y,N,N,N,N,N,N,N,N,N,N,N,N,N,N,N,N,N,N,N,5,2,3,Recommended,Recommended
177,Ethylcyclohexane,6.22973,-3.42371,0.358116,-1.35139,-0.881465,2,6,-111.3,129.9,0.78,,,1.43,8.0,,,,,0.0,,,,,,,,,,1.127,262,T3,22,Class IB,3,9.8,1,0.829,0,346,2395,,,N,,,Not Assigned,,,,CCC1CCCCC1,IIEWJVIFRVWJOD-UHFFFAOYSA-N,"InChI=1S/C8H16/c1-2-8-6-4-3-5-7-8/h8H,2-7H2,1H3",1678-91-7,C8H16,112.213,,,,,,N,N,N,N,N,N,N,N,N,N,N,N,N,N,N,N,N,N,N,N,N,N,N,N,Y,N,N,N,N,N,N,N,N,N,N,N,5,2,3,Recommended,Recommended
9,"Ethylene Glycol [1,2-Ethanediol]",-10.7101,-1.88606,4.37327,1.45192,-1.03437,1,5,-13.0,197.2,1.109,37.7,0.79,1.432,17.1,8.3,5.4,12.7,20.0,2.31,0.92,0.9,0.52,-1.36,,,,,,0.508,400,T2,111,Class IIIB,1,0.1,1,20.781,2,1087,,,710.99,Y,2,620,Not Assigned,,,,OCCO,LYCAIKOWRPUZTN-UHFFFAOYSA-N,"InChI=1S/C2H6O2/c3-1-2-4/h3-4H,1-2H2",107-21-1,C2H6O2,62.068,Highly viscous (not preferred for crystallisation),,,,,N,N,Y,N,N,N,N,N,N,N,N,N,N,N,N,N,N,N,N,N,N,N,N,N,N,N,N,N,N,N,N,N,N,N,N,N,1,2,5,Recommended,Recommended
68,Fluorobenzene,2.40627,-4.13794,-1.66597,1.61796,-0.0898876,2,2,-42.2,85.3,1.023,5.6,0.194,1.465,9.1,,,,3.0,1.61,0.62,0.0,,2.27,0.48,0.57,0.0,0.1,2.79,0.734,,Not Assigned,-15,Class IB,3,58.7,2,0.608,0,289,1476,,1.53,N,,,Not Assigned,,,,Fc1ccccc1,PYLWMHQQBFSUBP-UHFFFAOYSA-N,InChI=1S/C6H5F/c7-6-4-2-1-3-5-6/h1-5H,462-06-6,C6H5F,96.102,,,,,,N,N,N,N,N,N,N,N,N,N,N,N,N,N,N,N,Y,N,N,N,N,Y,N,Y,N,N,N,N,N,N,N,N,N,N,N,N,5,6,5,Problematic,Problematic
69,Formamide,-13.7832,-2.50553,3.64239,3.55785,0.413777,1,5,2.6,210.0,1.133,111.0,0.8,1.448,19.2,8.4,12.8,9.3,36.0,3.36,0.97,0.71,,-1.51,0.47,1.3,0.62,0.6,,0.365,500,T1,175,Class IIIB,1,0.0,1,3.692,1,1448,2103,,1133.98,Y,2,220,Not Assigned,,,,NC=O,ZHNUHDYFZUAESO-UHFFFAOYSA-N,"InChI=1S/CH3NO/c2-1-3/h1H,(H2,2,3)",75-12-7,CH3NO,45.041,,REACH Candidate list - consider alternatives,http://echa.europa.eu/web/guest/candidate-list-table,,,N,N,N,N,N,Y,Y,N,N,N,N,N,N,N,N,N,N,N,N,N,N,N,N,N,N,N,N,N,N,N,N,N,N,N,N,N,1,9,7,Hazardous,Hazardous
70,Formic Acid,-9.78236,-7.30311,5.73192,-0.0614243,-0.788483,1,5,8.4,100.0,1.22,55.0,0.73,1.37,10.5,7.0,5.8,8.1,19.0,1.41,,,,-0.54,0.3,0.6,0.75,0.38,,0.324,480,T1,48,Class II,2,33.6,2,1.75,1,138,1766,1,,Y,3,5000,3,2,1,2,OC=O,BDAGIHXWWSANSR-UHFFFAOYSA-N,"InChI=1S/CH2O2/c2-1-3/h1H,(H,2,3)",64-18-6,CH2O2,46.025,,,,,,N,Y,N,N,N,N,N,N,N,N,N,N,N,N,N,N,N,N,N,N,N,N,N,N,N,N,N,N,N,N,N,N,N,N,N,N,3,7,3,Problematic,Problematic
200,Furan,1.42377,-5.18831,-2.06609,0.408705,-1.10063,2,2,-85.6,31.4,0.931,2.9,0.16,1.421,9.1,8.7,0.9,2.6,6.0,0.69,,,,1.34,0.37,0.53,0.0,0.13,1.83,0.536,390,T2,-36,Class IA,3,493.2,3,0.354,0,419,1792,,,N,,,Not Assigned,,,,c1ccco1,YLQBMQCUIZJEEH-UHFFFAOYSA-N,InChI=1S/C4H4O/c1-2-4-5-3-1/h1-4H,110-00-9,C4H4O,68.074,,REACH Candidate list - consider alternatives,http://echa.europa.eu/web/guest/candidate-list-table,,,N,N,N,N,N,N,N,N,N,N,N,N,N,N,N,N,Y,N,N,N,N,N,N,N,N,N,N,N,N,N,N,N,N,N,N,N,8,10,7,Hazardous,Hazardous
217,Furfural,-2.31872,0.0679379,-1.77534,4.70834,1.08821,0,3,-36.5,161.7,1.15,,,1.52,11.5,,,,,3.6,,,,0.41,,,,,,0.693,316,T2,60,Class IIIA,1,1.3,1,1.629,1,453,1459,,,Y,,,Not Assigned,,,,O=Cc1ccco1,HYBBIBNJHNGZAN-UHFFFAOYSA-N,InChI=1S/C5H4O2/c6-4-5-2-1-3-7-5/h1-4H,98-01-1,C5H4O2,96.084,,,,,,N,N,N,N,N,N,N,N,N,N,N,N,N,N,N,N,Y,N,N,N,Y,N,N,N,N,N,N,N,N,N,N,N,N,N,N,N,2,9,5,Hazardous,Hazardous
71,Glycerol,-11.292,1.48289,5.82824,3.09155,-0.187772,3,7,18.2,290.1,1.26,42.5,0.81,1.47,17.7,8.5,5.9,14.3,19.0,4.2,,,,-1.76,,,,,,0.707,393,T2,160,Class IIIB,1,0.0,1,936.9,3,1186,,,,Y,,,Not Assigned,,,,OCC(CO)O,PEDCQBHIVMGVHV-UHFFFAOYSA-N,"InChI=1S/C3H8O3/c4-1-3(6)2-5/h3-6H,1-2H2",56-81-5,C3H8O3,92.094,Highly viscous.,,,,,N,N,Y,N,N,N,N,N,N,N,N,N,N,N,N,N,N,N,N,N,N,N,N,N,N,N,N,N,N,N,N,N,N,N,N,N,1,1,7,Problematic,Problematic
8,"Glyme [DME or 1,2-Dimethoxyethane]",-1.35871,0.467472,-2.50771,-2.67093,-0.395857,0,3,-69.0,84.5,0.864,7.2,0.231,1.38,8.6,,,,20.0,1.61,0.53,0.0,0.41,-0.21,,,,,,0.79,202,T3,-2,Class IB,3,59.7,2,0.442,0,485,2363,1,,Y,2,100,3,2,2,,COCCOC,XTHFKEDIFFGKHM-UHFFFAOYSA-N,"InChI=1S/C4H10O2/c1-5-3-4-6-2/h3-4H2,1-2H3",110-71-4,C4H10O2,90.121,Consider propylene glycol analogue,REACH Candidate list - consider alternatives,,,,N,N,N,N,N,N,N,N,N,N,N,N,N,N,N,N,N,N,N,Y,N,N,N,N,N,N,N,N,N,N,N,N,N,N,N,N,7,10,3,Hazardous,Hazardous
237,Hexamethyldisiloxane [M2],8.22926,-0.0692801,1.69204,-1.48188,-0.018951,2,6,-68.0,100.5,0.76,,,1.377,6.2,,,,,0.66,,,,4.2,,,,,,0.968,,Not Assigned,-2,Class IB,3,33.8,2,,,283,2507,,,N,,,Not Assigned,,,,C[Si](O[Si](C)(C)C)(C)C,UQEAIHBTYFGYIE-UHFFFAOYSA-N,"InChI=1S/C6H18OSi2/c1-8(2,3)7-9(4,5)6/h1-6H3",107-46-0,C6H18OSi2,162.378,,,,,,N,N,N,N,N,N,N,N,N,N,N,N,N,N,N,N,N,N,N,N,N,N,N,N,N,N,N,N,N,N,N,N,N,N,Y,N,6,5,7,Problematic,Problematic
163,"Hexan-2-one [Methylbutylketone, MBK]",0.0768134,0.775803,-1.57643,-1.18064,0.506916,0,0,-55.8,127.5,0.807,14.6,0.29,1.401,,,,,,2.68,,,,1.38,0.14,0.68,0.0,0.51,3.26,0.97,424,T2,25,Class IC,3,8.1,1,0.615,0,476,2627,,,N,,,Not Assigned,,,,CCCCC(=O)C,QQZOPKMRPOGIEB-UHFFFAOYSA-N,"InChI=1S/C6H12O/c1-3-4-5-6(2)7/h3-5H2,1-2H3",591-78-6,C6H12O,100.159,,,,,,N,N,N,N,N,N,N,N,N,N,N,N,N,N,N,N,N,N,N,N,Y,N,N,N,N,N,N,N,N,N,N,N,N,N,N,N,3,6,3,Recommended,Recommended
195,Hexanedinitrile,-1.80193,2.02169,0.527922,2.07302,4.6739,3,7,2.4,295.0,0.95,,,1.44,12.0,,,,,3.75,,,,-0.32,,,,,,0.982,550,T1,93,Class IIIA,1,0.0,1,7.034,1,504,3252,,,N,,,Not Assigned,,,,N#CCCCCC#N,BTGRAWJCKBQKAO-UHFFFAOYSA-N,InChI=1S/C6H8N2/c7-5-3-1-2-4-6-8/h1-4H2,111-69-3,C6H8N2,108.141,,,,,,N,N,N,N,N,N,N,N,N,N,N,N,N,N,N,N,N,N,N,N,N,N,N,N,N,Y,N,N,N,N,N,N,N,N,N,N,1,9,7,Hazardous,Hazardous
178,Hexanenitrile,0.64183,-0.827949,-0.863312,-0.339888,3.10634,0,0,-80.3,163.6,0.801,17.3,,1.407,9.5,,,,,3.48,,,,1.66,,,,,,0.968,,Not Assigned,47,Class II,2,2.1,1,0.974,0,476,2763,,,N,,,Not Assigned,,,,CCCCCC#N,AILKHAQXUAOOFU-UHFFFAOYSA-N,"InChI=1S/C6H11N/c1-2-3-4-5-6-7/h2-5H2,1H3",628-73-9,C6H11N,97.158,,,,,,N,N,N,N,N,N,N,N,N,N,N,N,N,N,N,N,N,N,N,N,N,N,N,N,N,Y,N,N,N,N,N,N,N,N,N,N,4,5,5,Problematic,Problematic
170,Hexyl Acetate,3.31021,1.96907,0.550602,-1.38165,1.38379,4,8,-80.9,171.6,0.87,,,1.41,8.6,,,,,1.8,,,,,0.06,0.6,0.0,0.45,4.35,1.31,255,T3,59,Class II,2,0.8,1,1.133,1,312,2282,,,N,,,Not Assigned,,,,CCCCCCOC(=O)C,AOGQPLXWSUTHQB-UHFFFAOYSA-N,"InChI=1S/C8H16O2/c1-3-4-5-6-7-10-8(2)9/h3-7H2,1-2H3",142-92-7,C8H16O2,144.211,,,,,,N,N,N,N,N,N,N,N,N,N,N,N,N,N,N,N,N,N,Y,N,N,N,N,N,N,N,N,N,N,N,N,N,N,N,N,N,4,1,5,Problematic,Problematic
243,Hexyl Carbitol [2-[2-(Hexyloxy)ethoxy]ethanol],1.51749,7.50988,3.28973,-0.49155,1.04222,4,8,-34.0,254.0,0.932,,,1.438,,7.8,2.9,4.9,,,,,,,,,,,,1.694,305,T2,126,Class IIIB,1,,,6.293,1,886,2378,,,N,,,Not Assigned,,,,CCCCCCOCCOCCO,GZMAAYIALGURDQ-UHFFFAOYSA-N,"InChI=1S/C10H22O3/c1-2-3-4-5-7-12-9-10-13-8-6-11/h11H,2-10H2,1H3",112-59-4,C10H22O3,190.28,,,,,,N,N,Y,N,N,N,N,N,N,N,N,N,N,N,N,N,N,N,N,Y,N,N,N,N,N,N,N,N,N,N,N,N,N,N,N,N,2,4,7,Problematic,Problematic
72,HMPA,-1.45993,9.77762,-1.00489,-0.144358,-1.27009,3,3,7.0,233.0,1.024,29.0,0.315,1.459,8.6,9.0,4.2,5.5,38.8,4.19,0.87,0.0,1.05,0.28,0.37,0.85,0.0,1.6,5.11,1.517,,Not Assigned,106,Class IIIB,1,0.0,1,,,473,1723,,,Y,,,Not Assigned,,,,CN(P(=O)(N(C)C)N(C)C)C,GNOIPBMMFNIUFM-UHFFFAOYSA-N,"InChI=1S/C6H18N3OP/c1-7(2)11(10,8(3)4)9(5)6/h1-6H3",680-31-9,C6H18N3OP,179.2,,Seriously ?  Just don't even think about it !,,,,Y,N,N,N,N,N,N,N,N,N,N,N,N,N,N,N,N,N,N,N,N,N,N,N,N,N,N,Y,N,N,N,N,N,N,N,N,1,9,7,Hazardous,Highly Hazardous
183,Indane,4.90998,-2.32791,-0.439322,2.8143,-1.86251,2,2,-51.4,178.0,0.96,,,1.54,9.5,,,,,0.54,,,,3.33,,,,,,1.031,,Not Assigned,50,Class II,2,1.1,1,1.477,1,314,1662,,,N,,,Not Assigned,,,,C1Cc2c(C1)cccc2,PQNFLJBBNBOBRQ-UHFFFAOYSA-N,"InChI=1S/C9H10/c1-2-5-9-7-3-6-8(9)4-1/h1-2,4-5H,3,6-7H2",496-11-7,C9H10,118.176,,,,,,N,N,N,N,N,N,N,N,N,N,N,N,N,N,N,N,Y,N,N,N,N,N,N,N,N,N,N,N,N,N,N,N,N,N,N,N,4,5,5,Problematic,Problematic
73,Iodobenzene,3.78768,-2.05131,-0.937117,5.83917,-0.898518,2,2,-31.4,188.3,1.831,4.8,0.17,1.62,10.1,,,,4.0,1.71,0.81,0.0,,3.25,1.19,0.82,0.0,0.12,4.5,0.975,,Not Assigned,66,Class IIIA,1,0.7,1,1.688,1,93,425,,0.29,N,,,Not Assigned,,,,Ic1ccccc1,SNHMUERNLJLMHN-UHFFFAOYSA-N,InChI=1S/C6H5I/c7-6-4-2-1-3-5-6/h1-5H,591-50-4,C6H5I,204.008,,,,,,N,N,N,N,N,N,N,N,N,N,N,N,N,N,N,N,Y,N,N,N,N,Y,N,N,N,N,N,N,N,N,N,N,N,N,N,N,2,5,5,Problematic,Problematic
98,IPA [Propan-2-ol],-5.26444,-2.31088,0.99332,-2.39862,-1.19069,1,5,-88.0,82.4,0.786,19.9,0.55,1.377,11.4,7.7,3.0,8.0,36.0,1.65,0.48,0.76,0.95,0.05,0.21,0.36,0.33,0.56,1.76,0.59,399,T2,12,Class IB,3,33.1,2,2.393,1,1115,3207,1,786.75,Y,3,5000,1,1,1,2,CC(O)C,KFZMGEQAYNKOFK-UHFFFAOYSA-N,"InChI=1S/C3H8O/c1-3(2)4/h3-4H,1-2H3",67-63-0,C3H8O,60.095,,,,,,N,N,Y,N,N,N,N,N,N,N,N,N,N,N,N,N,N,N,N,N,N,N,N,N,N,N,N,N,N,N,N,N,N,N,N,N,4,3,3,Recommended,Recommended
21,iso-Butanol [2-Methylpropan-1-ol],-3.71432,-2.35607,1.93132,-1.47421,-0.774119,1,5,-108.0,107.8,0.794,17.9,0.55,1.396,11.2,7.4,2.8,7.8,,1.64,,,,0.76,0.22,0.39,0.37,0.48,,0.731,408,T2,28,Class IC,3,8.9,1,4.024,1,1788,3009,1,111.16,N,3,5000,1,1,1,,OCC(C)C,ZXEKIIBDNHEJCQ-UHFFFAOYSA-N,"InChI=1S/C4H10O/c1-4(2)3-5/h4-5H,3H2,1-2H3",78-83-1,C4H10O,74.122,Viscous at lower temperatures (not preferred for crystallisation),,,,,N,N,Y,N,N,N,N,N,N,N,N,N,N,N,N,N,N,N,N,N,N,N,N,N,N,N,N,N,N,N,N,N,N,N,N,N,3,4,3,Recommended,Recommended
74,iso-Butyl Acetate,1.326,0.124708,-0.885963,-2.02613,1.2386,0,0,-98.9,117.3,0.87,5.6,,1.39,8.4,7.4,1.8,3.1,,1.87,,,,1.78,0.05,0.57,0.0,0.47,,1.028,423,T2,18,Class IB,3,15.0,1,0.698,0,314,2225,,,N,3,5000,Not Assigned,,,,CC(COC(=O)C)C,GJRQTCIYDGXPES-UHFFFAOYSA-N,"InChI=1S/C6H12O2/c1-5(2)4-8-6(3)7/h5H,4H2,1-3H3",110-19-0,C6H12O2,116.158,Racemic mixture - Could be problematic for asymmetric reactions.,,,,,N,N,N,N,N,N,N,N,N,N,N,N,N,N,N,N,N,N,Y,N,N,N,N,N,N,N,N,N,N,N,N,N,N,N,N,N,4,2,3,Recommended,Recommended
18,iso-Hexane [2-Methylpentane],5.20913,-4.80332,-0.205914,-3.23107,-0.158737,2,2,-153.6,60.3,0.65,,,1.372,7.0,,,,,0.0,,,,4.0,,,,,,0.954,306,T2,-35,Class IB,3,171.0,3,0.293,0,376,3426,3,,N,,,2,1,3,,CCCC(C)C,AFABGHUZZDYHJO-UHFFFAOYSA-N,"InChI=1S/C6H14/c1-4-5-6(2)3/h6H,4-5H2,1-3H3",107-83-5,C6H14,86.175,Static Risk,,,,,N,N,N,N,N,N,N,N,N,N,N,N,N,N,N,N,N,N,N,N,N,N,N,N,Y,N,N,N,N,N,N,N,N,N,N,N,6,3,7,Problematic,Problematic
75,iso-Propyl Acetate,0.187871,-0.7808,-1.56879,-2.27746,1.01566,0,0,-73.4,88.5,0.87,,,1.38,8.6,,,,17.5,1.75,,,,1.22,0.06,0.57,0.0,0.47,,0.888,460,T1,2,Class IB,3,46.9,2,0.509,0,348,2201,1,,N,3,5000,2,1,1,2,CC(OC(=O)C)C,JMMWKPVZQRWMSS-UHFFFAOYSA-N,"InChI=1S/C5H10O2/c1-4(2)7-5(3)6/h4H,1-3H3",108-21-4,C5H10O2,102.132,,,,,,N,N,N,N,N,N,N,N,N,N,N,N,N,N,N,N,N,N,Y,N,N,N,N,N,N,N,N,N,N,N,N,N,N,N,N,N,4,2,3,Recommended,Recommended
222,Isobutyric acid,-5.52052,-2.82788,6.23079,-1.0606,-1.43987,1,5,-46.0,154.7,0.94,,,1.39,11.9,,,,,1.09,,,,0.94,,,,,,0.747,420,T2,56,Class II,2,0.8,1,1.323,1,168,2221,,,Not Determined,,,Not Assigned,,,,CC(C(=O)O)C,KQNPFQTWMSNSAP-UHFFFAOYSA-N,"InChI=1S/C4H8O2/c1-3(2)4(5)6/h3H,1-2H3,(H,5,6)",79-31-2,C4H8O2,88.105,,,,,,N,Y,N,N,N,N,N,N,N,N,N,N,N,N,N,N,N,N,N,N,N,N,N,N,N,N,N,N,N,N,N,N,N,N,N,N,3,7,5,Problematic,Problematic
169,Isopentyl Acetate [Isoamyl acetate],2.31147,0.919083,-0.157217,-1.58837,1.30269,0,0,-78.5,142.1,0.866,4.6,,1.401,8.3,,,,,1.84,,,,,,,,,,1.169,360,T2,25,Class IC,3,4.2,1,0.871,0,327,2281,,,N,,,Not Assigned,,,,CC(CCOC(=O)C)C,MLFHJEHSLIIPHL-UHFFFAOYSA-N,"InChI=1S/C7H14O2/c1-6(2)4-5-9-7(3)8/h6H,4-5H2,1-3H3",123-92-2,C7H14O2,130.185,,,,,,N,N,N,N,N,N,N,N,N,N,N,N,N,N,N,N,N,N,Y,N,N,N,N,N,N,N,N,N,N,N,N,N,N,N,N,N,3,1,5,Recommended,Recommended
228,Isopropylamine,-3.97711,0.357103,-2.88464,-3.61627,-2.26472,3,3,-95.2,32.4,0.68,,,1.37,8.2,,,,57.5,1.45,,,,0.26,,,,,,0.631,400,T2,-37,Class IA,3,477.7,3,0.344,0,705,4064,,,Y,,,Not Assigned,,,,CC(N)C,JJWLVOIRVHMVIS-UHFFFAOYSA-N,"InChI=1S/C3H9N/c1-3(2)4/h3H,4H2,1-2H3",75-31-0,C3H9N,59.11,,,,,,N,N,N,N,N,N,N,N,N,Y,Y,N,N,N,N,Y,N,N,N,N,N,N,N,N,N,N,N,N,N,N,N,N,N,N,N,N,5,8,7,Hazardous,Hazardous
216,Isopropylbenzene,6.16732,-1.81424,0.487259,1.34341,-1.28758,2,6,-96.0,152.4,0.857,2.4,,1.496,8.6,,,,6.0,0.65,0.41,0.0,,3.66,,,,,,1.139,424,T2,44,Class II,2,3.3,1,0.785,0,320,2071,,,N,,,Not Assigned,,,,CC(c1ccccc1)C,RWGFKTVRMDUZSP-UHFFFAOYSA-N,"InChI=1S/C9H12/c1-8(2)9-6-4-3-5-7-9/h3-8H,1-2H3",98-82-8,C9H12,120.192,,,,,,N,N,N,N,N,N,N,N,N,N,N,N,N,N,N,N,Y,N,N,N,N,N,N,N,N,N,N,N,N,N,N,N,N,N,N,N,4,2,7,Problematic,Problematic
10,"Mesitylene [1,3,5-Trimethylbenzene]",6.6148,-0.578672,0.341697,1.36373,-1.84522,2,6,-44.7,164.7,0.861,2.3,0.068,1.499,8.9,8.8,0.0,0.3,10.0,0.1,0.41,0.0,,3.42,0.65,0.52,0.0,0.19,4.34,1.139,550,T1,44,Class II,2,1.8,1,0.688,0,425,2002,,0.05,N,,,Not Assigned,,,,Cc1cc(C)cc(c1)C,AUHZEENZYGFFBQ-UHFFFAOYSA-N,"InChI=1S/C9H12/c1-7-4-8(2)6-9(3)5-7/h4-6H,1-3H3",108-67-8,C9H12,120.192,,,,,,N,N,N,N,N,N,N,N,N,N,N,N,N,N,N,N,Y,N,N,N,N,N,N,N,N,N,N,N,N,N,N,N,N,N,N,N,4,2,7,Problematic,Problematic
76,Methanol,-8.72651,-5.31265,1.25112,-1.85931,-0.620266,1,5,-97.7,64.5,0.791,32.7,0.76,1.328,14.5,7.4,6.0,10.9,30.0,1.71,0.6,0.93,0.62,-0.74,0.28,0.44,0.43,0.47,0.97,0.308,464,T1,11,Class IB,3,95.5,2,0.587,0,1406,3162,1,791.99,Y,2,3000,2,1,1,2,CO,OKKJLVBELUTLKV-UHFFFAOYSA-N,"InChI=1S/CH4O/c1-2/h2H,1H3",67-56-1,CH4O,32.042,,,,,,N,N,Y,N,N,N,N,N,N,N,N,N,N,N,N,N,N,N,N,N,N,N,N,N,N,N,N,N,N,N,N,N,N,N,N,N,4,7,5,Problematic,Recommended
77,Methyl Acetate,-1.73145,-2.54602,-2.8433,-2.06339,1.13524,1,1,-98.1,57.0,0.928,6.9,0.253,1.361,9.5,7.6,3.5,3.7,16.4,1.69,0.6,0.0,0.42,0.18,0.14,0.64,0.0,0.45,1.91,0.606,502,T1,-10,Class IB,3,172.3,3,0.389,0,403,2068,,226.83,Y,3,5000,Not Assigned,,,,COC(=O)C,KXKVLQRXCPHEJC-UHFFFAOYSA-N,InChI=1S/C3H6O2/c1-3(4)5-2/h1-2H3,79-20-9,C3H6O2,74.079,,,,,,N,N,N,N,N,N,N,N,N,N,N,N,N,N,N,N,N,N,Y,N,N,N,N,N,N,N,N,N,N,N,N,N,N,N,N,N,5,3,5,Problematic,Problematic
219,Methyl benzoate,2.96534,1.54701,-0.093786,3.36085,0.582095,4,4,-12.4,199.1,1.084,6.6,,1.517,10.2,,,,,1.92,,0.0,0.39,2.2,0.73,0.85,0.0,0.46,4.7,1.073,518,T1,83,Class IIIA,1,0.2,1,1.971,1,248,1458,,,N,,,Not Assigned,,,,COC(=O)c1ccccc1,QPJVMBTYPHYUOC-UHFFFAOYSA-N,"InChI=1S/C8H8O2/c1-10-8(9)7-5-3-2-4-6-7/h2-6H,1H3",93-58-3,C8H8O2,136.148,,,,,,N,N,N,N,N,N,N,N,N,N,N,N,N,N,N,N,Y,N,Y,N,N,N,N,N,N,N,N,N,N,N,N,N,N,N,N,N,1,5,5,Problematic,Problematic
181,Methyl Butyrate,0.635703,-0.978522,-1.23137,-1.90409,1.16351,0,0,-85.8,102.8,0.891,5.5,,1.386,8.8,,,,,1.72,,,,1.29,,,,,,0.888,,Not Assigned,14,Class IB,3,24.3,2,0.577,0,561,2165,,,N,,,Not Assigned,,,,CCCC(=O)OC,UUIQMZJEGPQKFD-UHFFFAOYSA-N,"InChI=1S/C5H10O2/c1-3-4-5(6)7-2/h3-4H2,1-2H3",623-42-7,C5H10O2,102.132,,,,,,N,N,N,N,N,N,N,N,N,N,N,N,N,N,N,N,N,N,Y,N,N,N,N,N,N,N,N,N,N,N,N,N,N,N,N,N,4,5,5,Problematic,Problematic
244,Methyl Carbitol [2-[2-(Methoxy)ethoxy]ethanol],-2.86983,3.66759,-0.0660459,-1.06358,-0.431207,3,3,-69.0,194.0,1.022,,,1.426,11.2,7.9,3.8,6.2,,0.0,,,,,,,,,,0.989,240,T3,96,Class IIIB,1,0.1,1,3.944,1,,,,,Y,,,Not Assigned,,,,COCCOCCO,SBASXUCJHJRPEV-UHFFFAOYSA-N,"InChI=1S/C5H12O3/c1-7-4-5-8-3-2-6/h6H,2-5H2,1H3",111-77-3,C5H12O3,120.147,,,,,,N,N,Y,N,N,N,N,N,N,N,N,N,N,N,N,N,N,N,N,Y,N,N,N,N,N,N,N,N,N,N,N,N,N,N,N,N,2,1,5,Recommended,Recommended
17,Methyl Cellosolve [2-Methoxyethanol],-5.28528,-0.863147,0.149651,-1.06035,-0.461615,1,5,-85.1,124.5,0.965,16.9,0.67,1.402,11.7,7.9,4.5,8.0,,2.04,0.71,,,-0.77,0.27,0.5,0.3,0.84,2.5,0.649,285,T3,39,Class II,2,6.8,1,1.722,1,932,2357,1,964.61,Not Determined,2,50,3,3,1,,COCCO,XNWFRZJHXBZDAG-UHFFFAOYSA-N,"InChI=1S/C3H8O2/c1-5-3-2-4/h4H,2-3H2,1H3",109-86-4,C3H8O2,76.094,,REACH Candidate list - consider alternatives,,,,N,N,Y,N,N,N,N,N,N,N,N,N,N,N,N,N,N,N,N,Y,N,N,N,N,N,N,N,N,N,N,N,N,N,N,N,N,3,9,3,Hazardous,Hazardous
164,Methyl Formate,-2.7394,-4.36315,-2.99058,-2.02339,2.15273,1,1,-99.0,31.5,0.967,8.7,0.346,1.343,9.9,,,,,1.77,0.62,0.0,0.37,0.03,0.19,0.68,0.0,0.38,1.24,0.465,456,T1,-19,Class IA,3,486.6,3,0.347,0,509,2045,,,Y,,,Not Assigned,,,,COC=O,TZIHFWKZFHZASV-UHFFFAOYSA-N,"InChI=1S/C2H4O2/c1-4-2-3/h2H,1H3",107-31-3,C2H4O2,60.052,,,,,,N,N,N,N,N,N,N,N,N,N,N,N,N,N,N,N,N,N,Y,N,N,N,N,N,N,N,N,N,N,N,N,N,N,N,N,N,6,7,7,Hazardous,Hazardous
265,Methyl Isobutyl Carbinol,-1.32958,-0.0646447,2.43219,-1.24635,-0.37168,0,5,,131.7,0.671,,,1.41,9.0,8.0,5.7,5.6,,1.7,,,,,,,,,,1.013,,Not Assigned,102,Class IIIB,1,4.6,1,5.069,1,538,,,,N,,,Not Assigned,,,,CC(CC(O)C)C,WVYWICLMDOOCFB-UHFFFAOYSA-N,"InChI=1S/C6H14O/c1-5(2)4-6(3)7/h5-7H,4H2,1-3H3",108-11-2,C6H14O,102.175,Racemic mixture - Could be problematic for asymmetric reactions.,,,,,N,N,Y,N,N,N,N,N,N,N,N,N,N,N,N,N,N,N,N,N,N,N,N,N,N,N,N,N,N,N,N,N,N,N,N,N,3,2,3,Recommended,Recommended
180,Methyl Propionate,-0.740185,-1.83783,-1.9521,-2.04831,1.17614,0,1,-87.5,80.0,0.908,6.2,,1.376,9.1,,,,11.0,1.67,,,,0.84,,,,,,0.747,469,T1,-2,Class IB,3,65.0,2,0.458,0,420,2157,,,N,,,Not Assigned,,,,CCC(=O)OC,RJUFJBKOKNCXHH-UHFFFAOYSA-N,"InChI=1S/C4H8O2/c1-3-4(5)6-2/h3H2,1-2H3",554-12-1,C4H8O2,88.105,,,,,,N,N,N,N,N,N,N,N,N,N,N,N,N,N,N,N,N,N,Y,N,N,N,N,N,N,N,N,N,N,N,N,N,N,N,N,N,5,3,3,Recommended,Recommended
118,Methylcyclohexane,5.91508,-4.51144,0.00220696,-1.81105,-0.995321,2,6,-126.6,100.9,0.765,2.0,,1.423,8.0,7.8,0.0,0.5,,0.0,,,,3.88,0.24,0.1,0.0,0.0,3.32,0.986,285,T3,-6,Class IB,3,36.2,2,0.742,0,341,2432,,,N,2,1180,Not Assigned,,,,CC1CCCCC1,UAEPNZWRGJTJPN-UHFFFAOYSA-N,"InChI=1S/C7H14/c1-7-5-3-2-4-6-7/h7H,2-6H2,1H3",108-87-2,C7H14,98.186,,,,,,N,N,N,N,N,N,N,N,N,N,N,N,N,N,N,N,N,N,N,N,N,N,N,N,Y,N,N,N,N,N,N,N,N,N,N,N,6,2,7,Problematic,Problematic
218,Methylcyclopentane,4.40048,-5.39104,-0.45836,-2.23816,-0.209832,2,2,-142.4,71.9,0.74,,,1.41,7.9,,,,,0.0,,,,3.37,0.23,0.1,0.0,0.0,2.82,0.845,329,T2,-27,Class IB,3,110.2,2,0.504,0,409,2521,,,N,,,Not Assigned,,,,CC1CCCC1,GDOPTJXRTPNYNR-UHFFFAOYSA-N,"InChI=1S/C6H12/c1-6-4-2-3-5-6/h6H,2-5H2,1H3",96-37-7,C6H12,84.16,,,,,,N,N,N,N,N,N,N,N,N,N,N,N,N,N,N,N,N,N,N,N,N,N,N,N,Y,N,N,N,N,N,N,N,N,N,N,N,8,3,3,Hazardous,Hazardous
26,MIBK [Methyl iso-Butyl Ketone or 4-Methyl-2-pentanone],0.593996,0.332404,-1.82072,-1.2971,0.464529,0,0,-84.7,116.2,0.798,13.1,0.269,1.396,8.6,7.5,3.0,2.0,16.0,2.69,,,,1.31,0.11,0.65,0.0,0.51,,0.97,459,T1,16,Class IB,3,14.4,1,0.58,0,359,2571,1,13.51,N,3,5000,2,1,1,,CC(CC(=O)C)C,NTIZESTWPVYFNL-UHFFFAOYSA-N,"InChI=1S/C6H12O/c1-5(2)4-6(3)7/h5H,4H2,1-3H3",108-10-1,C6H12O,100.159,Good for azeotroping water - consider as an extraction solvent,,,,,N,N,N,N,N,N,N,N,N,N,N,N,N,N,N,N,N,N,N,N,Y,N,N,N,N,N,N,N,N,N,N,N,N,N,N,N,4,2,3,Recommended,Recommended
78,Morpholine,-3.90904,2.31485,-2.69152,-0.611439,-2.284,3,3,-4.8,128.2,0.995,7.7,0.318,1.454,10.8,9.2,2.4,4.5,,1.71,,,,-1.08,0.43,0.79,0.06,0.91,,0.722,310,T2,38,Class II,2,7.2,1,2.242,1,390,,,1000.28,Y,,,Not Assigned,,,,C1CNCCO1,YNAVUWVOSKDBBP-UHFFFAOYSA-N,"InChI=1S/C4H9NO/c1-3-6-4-2-5-1/h5H,1-4H2",110-91-8,C4H9NO,87.12,,,,,,N,N,N,N,N,N,N,N,N,Y,N,Y,N,N,N,Y,N,N,N,Y,N,N,N,N,N,N,N,N,N,N,N,N,N,N,N,N,4,7,3,Problematic,Problematic
104,MTBE [tert-Butylmethylether],0.922674,-1.18203,-2.01444,-2.98548,-0.762469,0,2,-108.6,55.2,0.735,4.5,0.124,1.369,7.4,,,,,1.36,,,,0.94,,,,,,0.872,450,T1,-28,Class IB,3,197.8,3,0.34,0,389,2869,1,,N,3,5000,3,1,2,2,COC(C)(C)C,BZLVMXJERCGZMT-UHFFFAOYSA-N,"InChI=1S/C5H12O/c1-5(2,3)6-4/h1-4H3",1634-04-4,C5H12O,88.148,,,,,,N,N,N,N,N,N,N,N,N,N,N,N,N,N,N,N,N,N,N,Y,N,N,N,N,N,N,N,N,N,N,N,N,N,N,N,N,8,3,5,Hazardous,Hazardous
81,n-Butyl Acetate,1.58361,0.124714,-0.800722,-1.90324,1.18449,0,0,-73.5,125.9,0.876,5.0,0.241,1.394,8.7,7.7,1.8,3.1,15.0,1.86,0.46,0.0,,1.82,0.07,0.6,0.0,0.45,3.35,1.028,421,T2,22,Class IB,3,8.3,1,0.73,0,234,,1,,N,3,5000,1,1,1,1,CCCCOC(=O)C,DKPFZGUDAPQIHT-UHFFFAOYSA-N,"InChI=1S/C6H12O2/c1-3-4-5-8-6(2)7/h3-5H2,1-2H3",123-86-4,C6H12O2,116.158,,,,,,N,N,N,N,N,N,N,N,N,N,N,N,N,N,N,N,N,N,Y,N,N,N,N,N,N,N,N,N,N,N,N,N,N,N,N,N,4,2,3,Recommended,Recommended
159,"N-Ethyl-N-isopropylpropan-2-amine [Diispropylethylamine, Hunig's Base]",4.89075,1.16705,-0.455425,-1.07769,-3.28526,4,4,-50.0,126.5,0.747,,,1.414,,,,,,,,,,,,,,,,1.336,240,T3,10,Class IB,3,,,,,,,,,N,,,Not Assigned,,,,CCN(C(C)C)C(C)C,JGFZNNIVVJXRND-UHFFFAOYSA-N,"InChI=1S/C8H19N/c1-6-9(7(2)3)8(4)5/h7-8H,6H2,1-5H3",7087-68-5,C8H19N,129.243,,,,,,N,N,N,N,N,N,N,N,N,Y,N,N,Y,N,N,Y,N,N,N,N,N,N,N,N,N,N,N,N,N,N,N,N,N,N,N,N,5,6,3,Problematic,Problematic
213,N-Ethylaniline,3.12205,-0.191582,0.973793,4.94788,-2.22555,2,6,-63.5,204.9,0.96,,,1.56,10.5,,,,33.0,1.7,,,,2.16,,,,,,1.098,479,T1,85,Class IIIA,1,0.1,1,2.191,1,456,1938,,,N,,,Not Assigned,,,,CCNc1ccccc1,OJGMBLNIHDZDGS-UHFFFAOYSA-N,"InChI=1S/C8H11N/c1-2-9-8-6-4-3-5-7-8/h3-7,9H,2H2,1H3",103-69-5,C8H11N,121.18,,,,,,N,N,N,N,N,N,N,N,N,N,N,N,N,N,Y,Y,Y,N,N,N,N,N,N,N,N,N,N,N,N,N,N,N,N,N,N,N,2,6,7,Problematic,Problematic
82,n-Heptane,7.46235,-4.17338,1.01039,-3.17418,0.0714986,2,6,-90.6,98.4,0.679,1.9,0.012,1.388,7.5,7.5,0.0,0.0,0.0,0.0,-0.08,0.0,0.0,4.5,0.0,0.0,0.0,0.0,3.17,1.095,204,T3,-4,Class IB,3,35.5,2,0.414,0,460,3273,3,0.01,N,3,5000,1,1,3,2,CCCCCCC,IMNFDUFMRHMDMM-UHFFFAOYSA-N,"InChI=1S/C7H16/c1-3-5-7-6-4-2/h3-7H2,1-2H3",142-82-5,C7H16,100.202,Static Risk,,,,,N,N,N,N,N,N,N,N,N,N,N,N,N,N,N,N,N,N,N,N,N,N,N,N,Y,N,N,N,N,N,N,N,N,N,N,N,6,2,7,Problematic,Problematic
83,n-Hexane,6.4397,-5.23461,0.186644,-3.68334,0.00238809,2,6,-95.3,68.7,0.655,1.9,0.009,1.375,7.3,7.3,0.0,0.0,0.0,0.0,-0.08,0.0,0.0,4.0,0.0,0.0,0.0,0.0,2.67,0.954,225,T3,-22,Class IB,3,120.2,2,0.318,0,476,3445,,0.04,N,2,290,Not Assigned,,,,CCCCCC,VLKZOEOYAKHREP-UHFFFAOYSA-N,"InChI=1S/C6H14/c1-3-5-6-4-2/h3-6H2,1-2H3",110-54-3,C6H14,86.175,,,,,,N,N,N,N,N,N,N,N,N,N,N,N,N,N,N,N,N,N,N,N,N,N,N,N,Y,N,N,N,N,N,N,N,N,N,N,N,8,7,7,Hazardous,Hazardous
86,N-Methylacetamide,-8.30638,1.58203,0.645811,1.01107,-0.217258,3,7,28.0,205.0,0.957,191.3,0.66,1.425,13.3,,,,,3.72,,,,-1.05,0.4,1.3,0.4,0.72,,0.647,490,T1,108,Class IIIB,1,0.1,1,5.321,1,1869,,,,Y,,,Not Assigned,,,,CNC(=O)C,OHLUUHNLEMFGTQ-UHFFFAOYSA-N,"InChI=1S/C3H7NO/c1-3(5)4-2/h1-2H3,(H,4,5)",79-16-3,C3H7NO,73.094,,REACH Candidate list - consider alternatives,http://echa.europa.eu/web/guest/candidate-list-table,,,N,N,N,N,N,Y,N,Y,N,N,N,N,N,N,N,N,N,N,N,N,N,N,N,N,N,N,N,N,N,N,N,N,N,N,N,N,1,9,7,Hazardous,Hazardous
212,N-Methylaniline,1.63624,-0.955885,0.70064,5.37834,-2.34949,0,0,-57.0,195.9,0.982,5.9,0.36,1.571,10.6,,,,33.0,1.73,,,,1.66,,,,,,0.957,500,T1,78,Class IIIA,1,0.3,1,2.217,1,382,1946,,,N,,,Not Assigned,,,,CNc1ccccc1,AFBPFSWMIHJQDM-UHFFFAOYSA-N,"InChI=1S/C7H9N/c1-8-7-5-3-2-4-6-7/h2-6,8H,1H3",100-61-8,C7H9N,107.153,,,,,,N,N,N,N,N,N,N,N,N,N,N,N,N,N,Y,Y,Y,N,N,N,N,N,N,N,N,N,N,N,N,N,N,N,N,N,N,N,1,6,7,Problematic,Problematic
87,N-Methylformamide,-9.69134,-0.0557008,0.679486,1.61295,-0.157919,1,5,-3.8,182.0,1.01,182.4,0.73,1.432,14.9,,,,49.0,3.87,,,,-0.97,0.41,1.3,0.4,0.55,,0.506,,Not Assigned,103,Class IIIB,1,0.2,1,1.877,1,479,2084,,,Y,,,Not Assigned,,,,CNC=O,ATHHXGZTWNVVOU-UHFFFAOYSA-N,"InChI=1S/C2H5NO/c1-3-2-4/h2H,1H3,(H,3,4)",123-39-7,C2H5NO,59.067,,,,,,N,N,N,N,N,Y,N,Y,N,N,N,N,N,N,N,N,N,N,N,N,N,N,N,N,N,N,N,N,N,N,N,N,N,N,N,N,1,9,5,Hazardous,Hazardous
235,N-methylmorpholine [NNM],-1.17593,1.35871,-2.56019,-1.10662,-2.0975,0,3,-65.0,117.0,0.92,,,1.435,,,,,,,,,,,,,,,,0.863,,Not Assigned,14,Class IB,3,,,,,,,,,Y,,,Not Assigned,,,,CN1CCOCC1,SJRJJKPEHAURKC-UHFFFAOYSA-N,"InChI=1S/C5H11NO/c1-6-2-4-7-5-3-6/h2-5H2,1H3",109-02-4,C5H11NO,101.147,,,,,,N,N,N,N,N,N,N,N,N,Y,N,N,Y,N,N,Y,N,N,N,Y,N,N,N,N,N,N,N,N,N,N,N,N,N,N,N,N,5,2,3,Recommended,Recommended
88,n-Nonane,8.70082,-2.25706,2.09121,-2.23023,-0.123578,2,6,-53.5,148.8,0.714,2.0,0.009,1.405,7.6,7.7,0.0,0.0,,0.07,,,,5.65,0.0,0.0,0.0,0.0,4.18,1.377,205,T3,31,Class IC,3,3.2,1,0.716,0,316,3080,,,N,,,Not Assigned,,,,CCCCCCCCC,BKIMMITUMNQMOS-UHFFFAOYSA-N,"InChI=1S/C9H20/c1-3-5-7-9-8-6-4-2/h3-9H2,1-2H3",111-84-2,C9H20,128.255,,,,,,N,N,N,N,N,N,N,N,N,N,N,N,N,N,N,N,N,N,N,N,N,N,N,N,Y,N,N,N,N,N,N,N,N,N,N,N,4,2,7,Problematic,Problematic
89,n-Octane,7.84404,-3.28431,1.46227,-2.66848,0.0377296,2,6,-56.8,123.0,0.699,1.9,0.012,1.397,7.5,7.6,0.0,0.0,0.0,0.0,,,,5.15,0.0,0.0,0.0,0.0,3.68,1.236,206,T3,13,Class IB,3,10.5,1,0.542,0,213,3156,,,N,,,Not Assigned,,,,CCCCCCCC,TVMXDCGIABBOFY-UHFFFAOYSA-N,"InChI=1S/C8H18/c1-3-5-7-8-6-4-2/h3-8H2,1-2H3",111-65-9,C8H18,114.229,,,,,,N,N,N,N,N,N,N,N,N,N,N,N,N,N,N,N,N,N,N,N,N,N,N,N,Y,N,N,N,N,N,N,N,N,N,N,N,5,2,7,Problematic,Problematic
90,n-Pentane,5.35467,-6.00755,-0.446493,-4.01826,0.0227278,2,2,-129.7,36.1,0.621,1.8,0.012,1.358,7.0,7.1,0.0,0.0,0.0,0.0,,,,3.45,0.0,0.0,0.0,0.0,2.16,0.813,243,T3,-40,Class IA,3,424.2,3,0.234,0,2075,3705,,0.05,N,3,5000,Not Assigned,,,,CCCCC,OFBQJSOFQDEBGM-UHFFFAOYSA-N,"InChI=1S/C5H12/c1-3-5-4-2/h3-5H2,1-2H3",109-66-0,C5H12,72.149,,,,,,N,N,N,N,N,N,N,N,N,N,N,N,N,N,N,N,N,N,N,N,N,N,N,N,Y,N,N,N,N,N,N,N,N,N,N,N,8,3,7,Hazardous,Hazardous
179,n-Pentyl Acetate,2.41815,1.04865,-0.111091,-1.67326,1.35817,4,4,-70.8,146.0,0.88,,,1.4,8.4,,,,,1.93,,,,,0.07,0.6,0.0,0.45,3.84,1.169,357,T2,25,Class IC,3,3.0,1,0.916,0,294,2254,,,N,,,Not Assigned,,,,CCCCCOC(=O)C,PGMYKACGEOXYJE-UHFFFAOYSA-N,"InChI=1S/C7H14O2/c1-3-4-5-6-9-7(2)8/h3-6H2,1-2H3",628-63-7,C7H14O2,130.185,,,,,,N,N,N,N,N,N,N,N,N,N,N,N,N,N,N,N,N,N,Y,N,N,N,N,N,N,N,N,N,N,N,N,N,N,N,N,N,3,2,5,Recommended,Recommended
269,n-Pentyl Propionate,3.43772,1.30668,0.498072,-1.69732,1.15883,4,8,,165.0,0.726,,,,,7.6,1.4,3.2,,,,,,,,,,,,1.31,,Not Assigned,135,Class IIIB,1,,,,,,,,,N,,,Not Assigned,,,,CCCCCOC(=O)CC,TWSRVQVEYJNFKQ-UHFFFAOYSA-N,"InChI=1S/C8H16O2/c1-3-5-6-7-10-8(9)4-2/h3-7H2,1-2H3",624-54-4,C8H16O2,144.211,,,,,,N,N,N,N,N,N,N,N,N,N,N,N,N,N,N,N,N,N,Y,N,N,N,N,N,N,N,N,N,N,N,N,N,N,N,N,N,3,2,5,Recommended,Recommended
197,n-Pentylamine,-1.64448,1.97658,-1.09956,-2.38677,-1.99034,3,3,-55.0,104.5,0.75,,,1.41,8.8,,,,,1.55,,,,1.45,0.21,0.35,0.16,0.61,3.14,0.913,305,T2,7,Class IB,3,23.0,2,0.679,0,287,,,,N,,,Not Assigned,,,,CCCCCN,DPBLXKKOBLCELK-UHFFFAOYSA-N,"InChI=1S/C5H13N/c1-2-3-4-5-6/h2-6H2,1H3",110-58-7,C5H13N,87.163,,,,,,N,N,N,N,N,N,N,N,N,Y,Y,N,N,N,N,Y,N,N,N,N,N,N,N,N,N,N,N,N,N,N,N,N,N,N,N,N,5,7,5,Problematic,Problematic
203,n-Propyl acetate,0.370835,-0.61374,-1.46604,-2.01997,1.20246,0,0,-95.0,101.6,0.883,6.0,0.21,1.384,8.8,,,,16.0,1.79,,,,1.24,0.09,0.6,0.0,0.45,2.82,0.888,450,T2,15,Class IB,3,24.8,2,0.585,0,345,2159,,,N,,,Not Assigned,,,,CCCOC(=O)C,YKYONYBAUNKHLG-UHFFFAOYSA-N,"InChI=1S/C5H10O2/c1-3-4-7-5(2)6/h3-4H2,1-2H3",109-60-4,C5H10O2,102.132,,,,,,N,N,N,N,N,N,N,N,N,N,N,N,N,N,N,N,N,N,Y,N,N,N,N,N,N,N,N,N,N,N,N,N,N,N,N,N,4,2,3,Recommended,Recommended
266,n-Propyl Propionate,4.5603,4.05439,1.8311,-0.679045,0.656823,4,8,-75.9,122.4,0.732,,,1.39,8.6,7.6,1.8,3.6,,1.79,,,,,,,,,,1.028,434,T2,75,Class IIIA,1,10.5,1,0.675,0,357,2645,,,N,,,Not Assigned,,,,CCCOC(=O)CC,MCSINKKTEDDPNK-UHFFFAOYSA-N,"InChI=1S/C6H12O2/c1-3-5-8-6(7)4-2/h3-5H2,1-2H3",106-36-5,C6H12O2,116.158,,,,,,N,N,N,N,N,N,N,N,N,N,N,N,N,N,N,N,N,N,Y,N,N,N,N,N,N,N,N,N,N,N,N,N,N,N,N,N,4,2,3,Recommended,Recommended
208,n-Propylamine,-3.3769,0.0468865,-2.43398,-2.97691,-2.35763,3,3,-83.0,48.5,0.71,,,1.39,8.9,8.3,2.4,4.2,32.0,1.17,,,,0.48,0.23,0.35,0.16,0.61,2.14,0.631,318,T2,-12,Class IB,3,247.7,3,0.392,0,627,3912,,,N,,,Not Assigned,,,,CCCN,WGYKZJWCGVVSQN-UHFFFAOYSA-N,"InChI=1S/C3H9N/c1-2-3-4/h2-4H2,1H3",107-10-8,C3H9N,59.11,,,,,,N,N,N,N,N,N,N,N,N,Y,Y,N,N,N,N,Y,N,N,N,N,N,N,N,N,N,N,N,N,N,N,N,N,N,N,N,N,7,8,7,Hazardous,Hazardous
117,"N,N-Dimethylaniline",3.73842,-0.300555,-0.976462,4.21466,-2.21541,2,2,2.0,193.0,0.952,4.9,0.179,1.559,9.8,,,,27.0,1.61,0.9,0.0,,2.31,0.96,0.84,0.0,0.41,,1.098,371,T2,63,Class IIIA,1,0.5,1,1.394,1,380,1808,,,N,,,Not Assigned,,,,CN(c1ccccc1)C,JLTDJTHDQAWBAV-UHFFFAOYSA-N,"InChI=1S/C8H11N/c1-9(2)8-6-4-3-5-7-8/h3-7H,1-2H3",121-69-7,C8H11N,121.18,,,,,,N,N,N,N,N,N,N,N,N,N,N,N,N,N,Y,Y,Y,N,N,N,N,N,N,N,N,N,N,N,N,N,N,N,N,N,N,N,1,6,7,Problematic,Problematic
121,NEP [1-Ethylpyrrolidin-2-one],-3.57425,3.20311,-2.75034,-1.02615,-0.327646,3,3,,97.0,0.992,,,,,,,,,,,,,,,,,,,0.961,,Not Assigned,76,Class IIIA,1,,,,,,,,,Y,,,Not Assigned,,,,CCN1CCCC1=O,ZFPGARUNNKGOBB-UHFFFAOYSA-N,"InChI=1S/C6H11NO/c1-2-7-5-3-4-6(7)8/h2-5H2,1H3",2687-91-4,C6H11NO,113.158,,,,,,N,N,N,N,N,Y,N,N,Y,N,N,N,N,N,N,N,N,N,N,N,N,N,N,N,N,N,N,N,N,N,N,N,N,N,N,N,2,4,3,Recommended,Recommended
84,Nitrobenzene,0.852347,-0.723091,-1.52101,5.54315,2.8035,0,0,5.8,210.0,1.198,36.1,0.324,1.556,11.1,9.8,4.2,2.0,8.1,4.23,1.01,0.0,0.39,1.85,0.87,1.11,0.0,0.28,4.56,0.891,482,T1,88,Class IIIA,1,0.1,1,1.993,1,288,1231,,2.05,N,,,Not Assigned,,,,O=N(=O)c1ccccc1,LQNUZADURLCDLV-UHFFFAOYSA-N,InChI=1S/C6H5NO2/c8-7(9)6-4-2-1-3-5-6/h1-5H,98-95-3,C6H5NO2,123.109,,,,,,N,N,N,N,N,N,N,N,N,N,N,N,N,N,N,N,Y,N,N,N,N,N,N,N,N,N,Y,N,N,N,N,N,N,N,N,N,2,9,7,Hazardous,Hazardous
223,Nitroethane,-2.14468,-3.62892,-2.68811,1.23438,3.63157,1,1,-89.5,114.0,1.045,29.0,0.4,1.391,11.0,7.8,7.6,2.2,5.0,3.61,,,,0.18,0.27,0.95,0.02,0.33,2.41,0.565,360,T2,28,Class IC,3,15.7,1,0.68,0,485,1705,,,N,,,Not Assigned,,,,[O-][N+](=O)CC,MCSAJNNLRCFZED-UHFFFAOYSA-N,"InChI=1S/C2H5NO2/c1-2-3(4)5/h2H2,1H3",79-24-3,C2H5NO2,75.067,,,,,,N,N,N,N,N,N,N,N,N,N,N,N,N,N,N,N,N,N,N,N,N,N,N,N,N,N,Y,N,N,N,N,N,N,N,N,N,4,6,3,Problematic,Problematic
85,Nitromethane,-3.83989,-4.70756,-2.58611,1.87302,4.25859,1,1,-28.6,101.2,1.131,36.2,0.481,1.382,12.9,7.7,9.2,2.5,2.7,3.5,0.85,0.22,,-0.33,0.31,0.95,0.06,0.31,1.89,0.424,379,T2,35,Class IC,3,27.4,2,0.652,0,418,1538,,104.86,Y,2,50,Not Assigned,,,,CN(=O)=O,LYGJENNIWJXYER-UHFFFAOYSA-N,InChI=1S/CH3NO2/c1-2(3)4/h1H3,75-52-5,CH3NO2,61.04,,,,Low pKa,,N,N,N,N,N,N,N,N,N,N,N,N,N,N,N,N,N,N,N,N,N,N,N,N,N,N,Y,N,N,N,N,N,N,N,N,N,10,2,3,Hazardous,Highly Hazardous
13,NMP [N-Methylpyrrolidone],-3.90132,3.34375,-2.98889,0.763989,-0.161558,3,3,-24.4,202.0,1.026,32.6,0.355,1.47,11.3,8.8,6.0,3.5,27.3,3.75,0.92,0.0,0.77,-0.38,,,,,,0.82,346,T2,95,Class IIIB,1,0.3,1,1.835,1,421,1712,1,,Y,2,530,1,1,1,,O=C1CCCN1C,SECXISVLQFMRJM-UHFFFAOYSA-N,"InChI=1S/C5H9NO/c1-6-4-2-3-5(6)7/h2-4H2,1H3",872-50-4,C5H9NO,99.131,,REACH restriction candidate - proposal that CMOs must contain to TWA <5 mg/m3 (decision Sept 2014),,,,Y,N,N,N,N,Y,N,N,Y,N,N,N,N,N,N,N,N,N,N,N,N,N,N,N,N,N,N,N,N,N,N,N,N,N,N,N,1,9,7,Hazardous,Hazardous
240,Octamethylcyclotetrasiloxane [D4],12.1781,5.31867,5.12363,-0.402146,1.00867,4,8,17.7,175.0,0.95,,,1.396,6.3,,,,,0.66,,,,5.1,,,,,,1.272,,Not Assigned,55,Class II,2,,,2.442,1,107,1815,,,N,,,Not Assigned,,,,C[Si]1(C)O[Si](C)(C)O[Si](O[Si](O1)(C)C)(C)C,HMMGMWAXVFQUOA-UHFFFAOYSA-N,"InChI=1S/C8H24O4Si4/c1-13(2)9-14(3,4)11-16(7,8)12-15(5,6)10-13/h1-8H3",104986-37-0,C8H24O4Si4,296.616,,,,,,N,N,N,N,N,N,N,N,N,N,N,N,N,N,N,N,N,N,N,N,N,N,N,N,N,N,N,N,N,N,N,N,N,N,Y,N,4,6,7,Problematic,Problematic
238,Octamethyltrisiloxane [MDM],11.0181,2.66874,4.05506,-0.947221,0.305732,4,8,-82.0,153.0,0.82,,,1.384,,,,,,,,,,,,,,,,1.285,,Not Assigned,29,Class IC,3,,,,,140,,,,N,,,Not Assigned,,,,C[Si](O[Si](C)(C)C)(O[Si](C)(C)C)C,CXQXSVUQTKDNFP-UHFFFAOYSA-N,"InChI=1S/C8H24O2Si3/c1-11(2,3)9-13(7,8)10-12(4,5)6/h1-8H3",107-51-7,C8H24O2Si3,236.531,,,,,,N,N,N,N,N,N,N,N,N,N,N,N,N,N,N,N,N,N,N,N,N,N,N,N,N,N,N,N,N,N,N,N,N,N,Y,N,4,1,7,Problematic,Problematic
145,p-Cymene,7.23036,-0.931718,1.12616,1.3351,-1.68546,2,6,-67.9,177.1,0.86,,,1.49,8.5,,,,,0.0,,,,4.1,,,,,,1.28,436,T2,47,Class II,2,1.1,1,0.84,0,354,2042,,,N,,,Not Assigned,,,,Cc1ccc(cc1)C(C)C,HFPZCAJZSCWRBC-UHFFFAOYSA-N,"InChI=1S/C10H14/c1-8(2)10-6-4-9(3)5-7-10/h4-8H,1-3H3",99-87-6,C10H14,134.218,,,,,,N,N,N,N,N,N,N,N,N,N,N,N,N,N,N,N,Y,N,N,N,N,N,N,N,N,N,N,N,N,N,N,N,N,N,N,N,4,5,5,Problematic,Problematic
11,p-Xylene,5.74192,-2.2148,0.0354025,1.34743,-1.99868,2,6,13.3,138.4,0.857,2.3,0.074,1.496,8.8,,,,5.0,0.0,0.43,0.0,,3.15,0.61,0.52,0.0,0.16,3.84,0.998,529,T1,25,Class IC,3,6.5,1,0.645,0,364,1981,3,0.17,N,2,2170,1,2,2,,Cc1ccc(cc1)C,URLKBWYHVLBVBO-UHFFFAOYSA-N,"InChI=1S/C8H10/c1-7-3-5-8(2)6-4-7/h3-6H,1-2H3",106-42-3,C8H10,106.165,Static Risk,,,,,N,N,N,N,N,N,N,N,N,N,N,N,N,N,N,N,Y,N,N,N,N,N,N,N,N,N,N,N,N,N,N,N,N,N,N,N,4,2,5,Problematic,Problematic
226,Pentachloroethane,3.2415,-3.4936,2.23427,2.37733,0.485803,2,6,-29.0,159.9,1.673,3.9,,1.503,9.3,,,,,0.92,0.62,,0.0,2.89,,,,,,1.002,,Not Assigned,,Not Assigned,Not Assigned,3.4,1,2.437,1,90,510,,,N,,,Not Assigned,,,,ClC(C(Cl)(Cl)Cl)Cl,BNIXVQGCZULYKV-UHFFFAOYSA-N,"InChI=1S/C2HCl5/c3-1(4)2(5,6)7/h1H",76-01-7,C2HCl5,202.294,,,,,,Y,N,N,N,N,N,N,N,N,N,N,N,N,N,N,N,N,N,N,N,N,Y,Y,N,N,N,N,N,N,N,N,N,N,N,N,N,2,6,7,Problematic,Problematic
153,Pentamethyl Phosphonic Diamide,-3.36411,7.79931,-1.93648,-0.679509,-1.17989,3,3,,76.0,1.024,,,1.459,,,,,,,,,,,,,,,,1.276,,Not Assigned,,Not Assigned,Not Assigned,,,,,,,,,Not Determined,,,Not Assigned,,,,CN(P(=O)(N(C)C)C)C,YRWJRJCUZYGLPN-UHFFFAOYSA-N,"InChI=1S/C5H15N2OP/c1-6(2)9(5,8)7(3)4/h1-5H3",2511-17-3,C5H15N2OP,150.159,,,,,,N,N,N,N,N,N,N,N,N,N,N,N,N,N,N,N,N,N,N,N,N,N,N,N,N,N,N,Y,N,N,N,N,N,N,N,Y,1,3,5,Recommended,Recommended
91,Pentan-1-ol,-2.7643,-0.852872,2.81625,-1.09108,-0.869124,1,5,-78.2,138.0,0.814,13.9,0.57,1.41,11.1,7.8,2.2,6.8,25.0,1.71,,,,1.51,0.22,0.42,0.37,0.48,3.11,0.872,300,T2,33,Class IC,3,1.5,1,4.044,1,,2848,1,20.62,N,3,5000,1,1,1,2,CCCCCO,AMQJEAYHLZJPGS-UHFFFAOYSA-N,"InChI=1S/C5H12O/c1-2-3-4-5-6/h6H,2-5H2,1H3",71-41-0,C5H12O,88.148,,,,,,N,N,Y,N,N,N,N,N,N,N,N,N,N,N,N,N,N,N,N,N,N,N,N,N,N,N,N,N,N,N,N,N,N,N,N,N,3,2,3,Recommended,Recommended
92,Pentan-2-ol,-2.12084,-0.75189,1.81988,-1.32716,-0.562897,0,5,-73.2,119.0,0.81,13.7,0.49,1.406,10.8,,,,,1.65,,,,1.25,0.2,0.36,0.33,0.56,,0.872,343,T2,34,Class IC,3,4.0,1,4.136,1,1881,3196,,21.54,N,,,Not Assigned,,,,CCCC(O)C,JYVLIDXNZAXMDK-UHFFFAOYSA-N,"InChI=1S/C5H12O/c1-3-4-5(2)6/h5-6H,3-4H2,1-2H3",6032-29-7,C5H12O,88.148,Racemic mixture - Could be problematic for asymmetric reactions.,,,,,N,N,Y,N,N,N,N,N,N,N,N,N,N,N,N,N,N,N,N,N,N,N,N,N,N,N,N,N,N,N,N,N,N,N,N,N,3,2,5,Recommended,Recommended
93,Pentan-2-one,-0.879225,-0.170172,-2.3115,-1.46341,0.431732,0,0,-76.9,102.3,0.802,15.4,0.321,1.391,9.0,,,,17.5,2.74,,,0.5,0.84,0.14,0.68,0.0,0.51,2.76,0.829,452,T1,7,Class IB,3,27.0,2,0.492,0,389,2653,,40.47,N,,,Not Assigned,,,,CCCC(=O)C,XNLICIUVMPYHGG-UHFFFAOYSA-N,"InChI=1S/C5H10O/c1-3-4-5(2)6/h3-4H2,1-2H3",107-87-9,C5H10O,86.132,,,,,,N,N,N,N,N,N,N,N,N,N,N,N,N,N,N,N,N,N,N,N,Y,N,N,N,N,N,N,N,N,N,N,N,N,N,N,N,5,2,3,Recommended,Recommended
94,Pentan-3-ol,-2.01188,-1.30853,1.4764,-1.38071,-0.752789,0,5,-75.0,115.3,0.821,13.4,0.46,1.41,10.2,,,,,1.65,,,,1.21,0.22,0.36,0.33,0.56,,0.872,435,T2,41,Class II,2,6.8,1,5.682,1,731,,,51.43,N,,,Not Assigned,,,,CCC(CC)O,AQIXEPGDORPWBJ-UHFFFAOYSA-N,"InChI=1S/C5H12O/c1-3-5(6)4-2/h5-6H,3-4H2,1-2H3",584-02-1,C5H12O,88.148,,,,,,N,N,Y,N,N,N,N,N,N,N,N,N,N,N,N,N,N,N,N,N,N,N,N,N,N,N,N,N,N,N,N,N,N,N,N,N,3,2,5,Recommended,Recommended
95,Pentan-3-one,-0.498106,-0.435308,-2.16,-1.21806,0.4441,0,0,-39.0,102.0,0.809,17.5,0.65,1.392,9.1,7.7,3.7,2.3,16.5,2.7,0.72,,0.45,0.82,0.15,0.66,0.0,0.51,,0.829,452,T1,13,Class IB,3,31.3,2,0.473,0,441,2727,,46.26,N,,,Not Assigned,,,,CCC(=O)CC,FDPIMTJIUBPUKL-UHFFFAOYSA-N,"InChI=1S/C5H10O/c1-3-5(6)4-2/h3-4H2,1-2H3",96-22-0,C5H10O,86.132,,,,,,N,N,N,N,N,N,N,N,N,N,N,N,N,N,N,N,N,N,N,N,Y,N,N,N,N,N,N,N,N,N,N,N,N,N,N,N,5,2,5,Problematic,Problematic
176,"Pentane-2,4-dione [Acetylacetone]",-1.65035,1.20012,-1.84785,1.25239,1.03791,0,3,-23.2,140.4,0.972,25.7,0.57,1.451,9.5,,,,,3.03,,,,0.34,,,,,,0.845,340,T2,34,Class IC,3,7.0,1,0.708,0,,2159,,,Y,,,Not Assigned,,,,CC(=O)CC(=O)C,YRKCREAYFQTBPV-UHFFFAOYSA-N,"InChI=1S/C5H8O2/c1-4(6)3-5(2)7/h3H2,1-2H3",123-54-6,C5H8O2,100.116,,,,,,N,N,N,N,N,N,N,N,N,N,N,N,N,N,N,N,N,N,N,N,Y,N,N,N,N,N,N,N,N,N,N,N,N,N,N,N,3,6,5,Problematic,Problematic
142,Perfluorobenzene,5.31479,-4.04518,0.133389,-0.909938,0.0518703,2,6,5.1,80.3,1.607,2.1,0.108,1.377,8.3,,,,,0.0,,,,2.22,,,,,,0.823,,Not Assigned,10,Class IB,3,66.0,2,0.954,0,93,738,,,N,,,Not Assigned,,,,Fc1c(F)c(F)c(c(c1F)F)F,ZQBFAOFFOQMSGJ-UHFFFAOYSA-N,InChI=1S/C6F6/c7-1-2(8)4(10)6(12)5(11)3(1)9,392-56-3,C6F6,186.055,,,,,,N,N,N,N,N,N,N,N,N,N,N,N,N,N,N,N,Y,N,N,N,N,Y,N,Y,N,N,N,N,N,N,N,N,N,N,N,N,5,6,5,Problematic,Problematic
144,Perfluorodecalin,10.9205,-1.87484,3.86093,-4.37456,2.31021,2,6,-10.0,142.0,1.937,1.9,,1.315,,,,,,0.0,,,,,,,,,,1.619,,Not Assigned,,Not Assigned,Not Assigned,,,,,,,,,N,,,Not Assigned,,,,FC12C(F)(C(F)(F)C(C(C2(F)F)(F)F)(F)F)C(F)(F)C(C(C1(F)F)(F)F)(F)F,UWEYRJFJVCLAGH-UHFFFAOYSA-N,"InChI=1S/C10F18/c11-1-2(12,5(17,18)9(25,26)7(21,22)3(1,13)14)6(19,20)10(27,28)8(23,24)4(1,15)16",60433-11-6,C10F18,462.078,,,,,,N,N,N,N,N,N,N,N,N,N,N,N,N,N,N,N,N,N,N,N,N,Y,N,Y,N,N,N,N,N,N,N,N,N,N,N,N,1,2,3,Recommended,Recommended
253,PGDA Glycol Ether [Propylene glycol diacetate],0.386778,3.77853,0.2427,-0.306994,2.03981,4,8,-75.0,190.0,1.056,,,1.415,,7.7,1.7,4.3,,,,,,,,,,,,1.244,431,T2,95,Class IIIB,1,,,,,,,,,Not Determined,,,Not Assigned,,,,CC(=O)OCC(OC(=O)C)C,MLHOXUWWKVQEJB-UHFFFAOYSA-N,"InChI=1S/C7H12O4/c1-5(11-7(3)9)4-10-6(2)8/h5H,4H2,1-3H3",623-84-7,C7H12O4,160.168,Racemic mixture - Could be problematic for asymmetric reactions.,,,,,N,N,N,N,N,N,N,N,N,N,N,N,N,N,N,N,N,N,Y,Y,N,N,N,N,N,N,N,N,N,N,N,N,N,N,N,N,1,5,5,Problematic,Problematic
96,Piperidine,-1.37124,0.700927,-2.20144,-1.16237,-3.4166,0,3,-10.5,106.5,0.857,5.8,0.148,1.453,9.5,,,,40.0,0.73,,,,0.85,0.42,0.46,0.1,0.69,3.3,0.804,320,T2,3,Class IB,3,22.6,2,1.469,1,426,2459,,,N,,,Not Assigned,,,,C1CCCNC1,NQRYJNQNLNOLGT-UHFFFAOYSA-N,"InChI=1S/C5H11N/c1-2-4-6-5-3-1/h6H,1-5H2",110-89-4,C5H11N,85.148,,,,,,N,N,N,N,N,N,N,N,N,Y,N,Y,N,N,N,Y,N,N,N,N,N,N,N,N,N,N,N,N,N,N,N,N,N,N,N,N,5,7,3,Problematic,Problematic
254,PM Glycol Ether [1-Methoxy-2-propanol],-2.76111,-0.0234369,-0.718538,-1.3665,0.0397147,1,1,-97.0,120.0,0.921,,,1.4,10.4,7.6,3.5,6.6,,2.4,,,,,,,,,,0.79,287,T3,31,Class IC,3,8.0,1,1.904,1,828,,,,Y,,,Not Assigned,,,,COCC(O)C,ARXJGSRGQADJSQ-UHFFFAOYSA-N,"InChI=1S/C4H10O2/c1-4(5)3-6-2/h4-5H,3H2,1-2H3",107-98-2,C4H10O2,90.121,Racemic mixture - Could be problematic for asymmetric reactions.,,,,,N,N,Y,N,N,N,N,N,N,N,N,N,N,N,N,N,N,N,N,Y,N,N,N,N,N,N,N,N,N,N,N,N,N,N,N,N,3,2,3,Recommended,Recommended
252,PMA Glycol Ether [1-methoxy-2-propanol acetate],-0.669863,1.83572,-1.85387,4.56854,0.434328,0,3,-66.0,146.0,0.968,,,1.8,9.0,7.9,3.0,3.2,,1.8,,,,0.56,,,,,,1.087,333,T2,42,Class II,2,2.9,1,1.193,1,202,1955,,,Not Determined,,,Not Assigned,,,,COCC(OC(=O)C)C,LLHKCFNBLRBOGN-UHFFFAOYSA-N,"InChI=1S/C6H12O3/c1-5(4-8-3)9-6(2)7/h5H,4H2,1-3H3",108-65-6,C6H12O3,132.158,Racemic mixture - Could be problematic for asymmetric reactions.,,,,,N,N,N,N,N,N,N,N,N,N,N,N,N,N,N,N,N,N,Y,Y,N,N,N,N,N,N,N,N,N,N,N,N,N,N,N,N,3,1,5,Recommended,Recommended
255,PnB Glycol Ether [3-Butoxypropan-2-ol],0.978998,2.33226,0.14015,-1.38571,0.452169,4,8,-80.0,171.0,0.879,,,,9.3,7.3,2.4,5.2,,,,,,,,,,,,1.212,260,T3,63,Class IIIA,1,,,3.356,1,507,,,,Not Determined,,,Not Assigned,,,,CCCCOCC(O)C,RWNUSVWFHDHRCJ-UHFFFAOYSA-N,"InChI=1S/C7H16O2/c1-3-4-5-9-6-7(2)8/h7-8H,3-6H2,1-2H3",5131-66-8,C7H16O2,132.201,Racemic mixture - Could be problematic for asymmetric reactions.,,,,,N,N,Y,N,N,N,N,N,N,N,N,N,N,N,N,N,N,N,N,Y,N,N,N,N,N,N,N,N,N,N,N,N,N,N,N,N,2,1,7,Problematic,Problematic
256,PnP Glycol Ether [1-Propoxy-2-propanol],-0.48314,1.59821,-0.21765,-1.38936,0.206216,0,0,-80.0,149.0,0.885,,,,,7.4,2.8,5.7,,,,,,,,,,,,1.071,252,T3,48,Class II,2,,,2.797,1,725,,,,Not Determined,,,Not Assigned,,,,CCCOCC(O)C,FENFUOGYJVOCRY-UHFFFAOYSA-N,"InChI=1S/C6H14O2/c1-3-4-8-5-6(2)7/h6-7H,3-5H2,1-2H3",1569-01-3,C6H14O2,118.174,Racemic mixture - Could be problematic for asymmetric reactions.,,,,,N,N,Y,N,N,N,N,N,N,N,N,N,N,N,N,N,N,N,N,Y,N,N,N,N,N,N,N,N,N,N,N,N,N,N,N,N,2,2,5,Recommended,Recommended
257,PPh Glycol Ether [Propylene glycol phenyl ether],0.267422,2.80977,3.35628,4.0458,-0.798908,4,8,19.0,243.0,1.063,,,,,8.5,2.6,5.6,,,,,,,,,,,,1.257,495,T1,115,Class IIIB,1,,,,,,,,,Not Determined,,,Not Assigned,,,,CC(COc1ccccc1)O,IBLKWZIFZMJLFL-UHFFFAOYSA-N,"InChI=1S/C9H12O2/c1-8(10)7-11-9-5-3-2-4-6-9/h2-6,8,10H,7H2,1H3",770-35-4,C9H12O2,152.19,Racemic mixture - Could be problematic for asymmetric reactions.,,,,,N,N,Y,N,N,N,N,N,N,N,N,N,N,N,N,N,N,N,N,Y,N,N,N,N,N,N,N,N,N,N,N,N,N,N,N,N,1,2,7,Problematic,Problematic
97,Propan-1-ol,-5.4197,-2.98999,1.68422,-1.62393,-0.968217,1,5,-126.2,97.2,0.804,20.5,0.62,1.386,12.2,7.8,3.3,8.5,,1.65,0.52,0.78,,0.25,0.24,0.42,0.37,0.48,2.03,0.59,371,T2,15,Class IB,3,14.3,1,2.191,1,1060,2921,,803.23,Y,3,5000,Not Assigned,,,,CCCO,BDERNNFJNOPAEC-UHFFFAOYSA-N,"InChI=1S/C3H8O/c1-2-3-4/h4H,2-3H2,1H3",71-23-8,C3H8O,60.095,,,,,,N,N,Y,N,N,N,N,N,N,N,N,N,N,N,N,N,N,N,N,N,N,N,N,N,N,N,N,N,N,N,N,N,N,N,N,N,5,4,3,Problematic,Problematic
99,Propanoic Acid,-6.78461,-3.76353,5.55202,-0.586068,-0.964241,1,5,-20.7,140.8,0.99,3.2,0.61,1.38,12.5,,,,,1.75,,,,0.33,0.23,0.65,0.6,0.45,2.29,0.606,475,T1,55,Class II,2,2.4,1,1.102,1,,2063,1,,Y,,,2,2,1,2,CCC(=O)O,XBDQKXXYIPTUBI-UHFFFAOYSA-N,"InChI=1S/C3H6O2/c1-2-3(4)5/h2H2,1H3,(H,4,5)",79-09-4,C3H6O2,74.079,,,,,,N,Y,N,N,N,N,N,N,N,N,N,N,N,N,N,N,N,N,N,N,N,N,N,N,N,N,N,N,N,N,N,N,N,N,N,N,3,7,3,Problematic,Problematic
100,Proprionitrile,-3.09698,-3.69138,-3.05049,-0.631003,3.69693,1,1,-92.8,97.4,0.777,28.9,0.398,1.366,10.7,7.5,7.0,2.7,16.1,4.04,0.71,,0.37,0.16,0.16,0.9,0.02,0.36,2.08,0.545,512,T1,2,Class IB,3,37.2,2,0.43,0,645,2731,,,N,,,Not Assigned,,,,CCC#N,FVSKHRXBFJPNKK-UHFFFAOYSA-N,"InChI=1S/C3H5N/c1-2-3-4/h2H2,1H3",107-12-0,C3H5N,55.079,,,,,,Y,N,N,N,N,N,N,N,N,N,N,N,N,N,N,N,N,N,N,N,N,N,N,N,N,Y,N,N,N,N,N,N,N,N,N,N,5,9,5,Hazardous,Hazardous
247,Propyl Cellosolve [2-Propoxyethanol],-2.62005,0.870106,0.492484,-1.29295,-0.0183773,3,7,-90.0,150.0,0.913,,,,,7.9,3.9,6.4,,,,,,,,,,,,0.931,235,T3,57,Class II,2,,,2.841,1,833,2543,,,Not Determined,,,Not Assigned,,,,CCCOCCO,YEYKMVJDLWJFOA-UHFFFAOYSA-N,"InChI=1S/C5H12O2/c1-2-4-7-5-3-6/h6H,2-5H2,1H3",2807-30-9,C5H12O2,104.148,,,,,,N,N,Y,N,N,N,N,N,N,N,N,N,N,N,N,N,N,N,N,Y,N,N,N,N,N,N,N,N,N,N,N,N,N,N,N,N,3,2,5,Recommended,Recommended
166,Propyl Formate,-0.666575,-2.23499,-1.84201,-1.81675,1.8354,0,1,-92.9,80.8,0.9,7.7,,1.377,9.0,,,,,1.83,,,,0.83,0.13,0.63,0.0,0.38,2.43,0.747,455,T1,-3,Class IB,3,62.7,2,0.527,0,,2156,,,N,,,Not Assigned,,,,CCCOC=O,KFNNIILCVOLYIR-UHFFFAOYSA-N,"InChI=1S/C4H8O2/c1-2-3-6-4-5/h4H,2-3H2,1H3",110-74-7,C4H8O2,88.105,,,,,,N,N,N,N,N,N,N,N,N,N,N,N,N,N,N,N,N,N,Y,N,N,N,N,N,N,N,N,N,N,N,N,N,N,N,N,N,5,3,5,Problematic,Problematic
127,"Propylene Carbonate [4-Methyl-1,3-dioxolan-2-one]",-3.56352,-0.739374,-2.16803,2.34958,4.65793,1,1,-54.5,241.7,1.199,62.9,0.472,1.421,13.3,9.8,8.8,2.0,15.1,4.77,0.83,0.0,0.4,-0.41,,,,,,0.697,455,T1,132,Class IIIB,1,0.0,1,2.698,1,328,1355,,,Y,,,Not Assigned,,,,CC1COC(=O)O1,RUOJZAUFBMNUDX-UHFFFAOYSA-N,"InChI=1S/C4H6O3/c1-3-2-6-4(5)7-3/h3H,2H2,1H3",108-32-7,C4H6O3,102.089,Racemic mixture - are you forming a chiral centre ?,,,,,N,N,N,N,N,N,N,N,N,N,N,N,N,N,N,N,N,Y,N,N,N,N,N,N,N,N,N,N,N,N,N,N,N,N,N,N,1,2,7,Problematic,Problematic
229,Propylene Glycol,-8.82701,-0.147285,3.8777,0.751989,-0.726892,1,5,-60.0,187.3,1.03,,0.72,1.43,15.0,8.2,4.6,11.4,,3.63,,,,-0.92,,,,,,0.649,421,T2,99,Class IIIB,1,0.1,1,54.776,2,812,2400,,,Y,,,Not Assigned,,,,OCC(O)C,DNIAPMSPPWPWGF-UHFFFAOYSA-N,"InChI=1S/C3H8O2/c1-3(5)2-4/h3-5H,2H2,1H3",57-55-6,C3H8O2,76.094,Racemic mixture - Could be problematic for asymmetric reactions.,,,,,N,N,Y,N,N,N,N,N,N,N,N,N,N,N,N,N,N,N,N,N,N,N,N,N,N,N,N,N,N,N,N,N,N,N,N,N,1,2,5,Recommended,Recommended
185,Pyridazine,-4.46695,2.3979,-2.69637,3.9672,0.260451,3,3,-8.0,222.6,1.105,,,1.524,,,,,,,,,,,,,,,,0.634,,Not Assigned,85,Class IIIA,1,,,,,,,,,N,,,Not Assigned,,,,c1ccnnc1,PBMFSQRYOILNGV-UHFFFAOYSA-N,InChI=1S/C4H4N2/c1-2-4-6-5-3-1/h1-4H,289-80-5,C4H4N2,80.088,,,,,,N,N,N,N,N,N,N,N,N,N,N,N,N,Y,N,Y,Y,N,N,N,N,N,N,N,N,N,N,N,N,N,N,N,N,N,N,N,2,5,7,Problematic,Problematic
101,Pyridine,-2.33832,-0.618091,-3.00425,1.64005,-0.645808,0,1,-41.6,115.3,0.978,13.2,0.302,1.509,10.6,9.3,4.3,2.9,34.0,2.21,0.87,0.0,0.64,0.65,0.63,0.84,0.0,0.52,3.02,0.675,482,T1,20,Class IB,3,15.4,1,0.959,0,472,1703,1,982.15,N,2,200,3,3,2,2,c1cccnc1,JUJWROOIHBZHMG-UHFFFAOYSA-N,InChI=1S/C5H5N/c1-2-4-6-5-3-1/h1-5H,110-86-1,C5H5N,79.1,,,,,,N,N,N,N,N,N,N,N,N,N,N,N,N,Y,N,Y,Y,N,N,N,N,N,N,N,N,N,N,N,N,N,N,N,N,N,N,N,4,2,3,Recommended,Hazardous
184,Pyrimidine,-3.22157,0.787724,-2.91804,1.95569,0.0193262,3,3,21.0,123.5,1.079,,,1.496,,,,,,2.33,,0.0,0.48,-0.4,0.61,1.0,0.0,0.65,2.84,0.634,,Not Assigned,34,Class IC,3,,,,,499,1856,,,N,,,Not Assigned,,,,c1ccncn1,CZPWVGJYEJSRLH-UHFFFAOYSA-N,InChI=1S/C4H4N2/c1-2-5-4-6-3-1/h1-4H,289-95-2,C4H4N2,80.088,,,,,,N,N,N,N,N,N,N,N,N,N,N,N,N,Y,N,Y,Y,N,N,N,N,N,N,N,N,N,N,N,N,N,N,N,N,N,N,N,4,5,5,Problematic,Problematic
201,Pyrrole,-3.50197,-4.3225,2.46632,3.29681,-2.47776,1,5,-23.4,129.9,0.966,8.0,,1.509,12.2,,,,,1.71,,,,0.75,0.61,0.73,0.41,0.29,2.87,0.577,550,T1,39,Class II,2,6.1,1,1.337,1,668,1952,,,N,,,Not Assigned,,,,c1ccc[nH]1,KAESVJOAVNADME-UHFFFAOYSA-N,InChI=1S/C4H5N/c1-2-4-5-3-1/h1-5H,109-97-7,C4H5N,67.089,,,,,,N,N,N,N,N,N,N,N,N,Y,N,Y,N,N,N,Y,Y,N,N,N,N,N,N,N,N,N,N,N,N,N,N,N,N,N,N,N,3,6,3,Recommended,Recommended
189,Pyrrolidine,-2.93596,0.0810868,-3.08506,-1.34199,-2.92342,3,3,-57.8,86.6,0.85,,0.26,1.44,10.0,,,,,1.58,,,,0.46,,,,,,0.663,269,T3,3,Class IB,3,48.9,2,0.774,0,400,2585,,,Y,,,Not Assigned,,,,C1CCCN1,RWRDLPDLKQPQOW-UHFFFAOYSA-N,"InChI=1S/C4H9N/c1-2-4-5-3-1/h5H,1-4H2",123-75-1,C4H9N,71.121,,,,,,N,N,N,N,N,N,N,N,N,Y,N,Y,N,N,N,Y,N,N,N,N,N,N,N,N,N,N,N,N,N,N,N,N,N,N,N,N,4,7,3,Problematic,Problematic
102,Quinoline,0.997698,2.88115,-1.02765,5.82588,-1.51367,4,4,-14.9,237.7,1.093,9.0,0.269,1.627,10.8,9.5,3.4,3.7,32.0,2.25,0.92,0.0,0.62,2.03,1.27,0.97,0.0,0.54,5.46,1.044,480,T1,101,Class IIIB,1,0.0,1,3.87,1,390,1368,,,N,,,Not Assigned,,,,c1ccc2c(c1)nccc2,SMWDFEZZVXVKRB-UHFFFAOYSA-N,InChI=1S/C9H7N/c1-2-6-9-8(4-1)5-3-7-10-9/h1-7H,91-22-5,C9H7N,129.159,,,,,,N,N,N,N,N,N,N,N,N,N,N,N,N,Y,N,Y,Y,N,N,N,N,N,N,N,N,N,N,N,N,N,N,N,N,N,N,N,2,9,7,Hazardous,Hazardous
103,Sulfolane,-3.9622,2.33569,-1.90485,3.56636,3.50714,3,3,28.5,287.3,1.264,42.1,0.41,1.482,12.8,,,,14.8,4.68,0.98,0.0,,-0.77,,,,,,0.845,528,T1,173,Class IIIB,1,0.0,1,12.004,2,338,1168,1,,Y,2,160,1,1,2,2,O=S1(=O)CCCC1,HXJUTPCZVOIRIF-UHFFFAOYSA-N,InChI=1S/C4H8O2S/c5-7(6)3-1-2-4-7/h1-4H2,126-33-0,C4H8O2S,120.17,,,,,,N,N,N,N,N,N,N,N,N,N,N,N,N,N,N,N,N,N,N,N,N,N,N,N,N,N,N,N,Y,N,N,N,Y,N,N,N,1,9,7,Hazardous,Hazardous
122,TAME [tert-amyl methyl ether],2.63178,-1.01574,-1.22264,-2.52185,-0.976246,2,2,-80.0,86.3,0.766,,0.114,1.388,7.6,6.5,3.0,1.9,,0.0,,,,1.6,,,,,,1.013,430,T2,-13,Class IB,3,57.6,2,0.483,0,382,2717,,,N,,,Not Assigned,,,,CCC(OC)(C)C,HVZJRWJGKQPSFL-UHFFFAOYSA-N,"InChI=1S/C6H14O/c1-5-6(2,3)7-4/h5H2,1-4H3",994-05-8,C6H14O,102.175,,,,,,N,N,N,N,N,N,N,N,N,N,N,N,N,N,N,N,N,N,N,Y,N,N,N,N,N,N,N,N,N,N,N,N,N,N,N,N,6,2,3,Recommended,Recommended
20,tert-Amyl Alcohol [2-Methylbutan-2-ol],-2.39071,-0.731133,1.32996,-1.71282,-0.879646,1,5,-8.8,102.2,0.806,5.8,0.32,1.405,10.3,,,,,1.71,,,,0.89,0.19,0.3,0.31,0.6,,0.872,435,T2,41,Class II,2,12.1,1,5.043,1,1739,3424,,96.43,N,,,Not Assigned,,,,CCC(O)(C)C,MSXVEPNJUHWQHW-UHFFFAOYSA-N,"InChI=1S/C5H12O/c1-4-5(2,3)6/h6H,4H2,1-3H3",75-85-4,C5H12O,88.148,,,,,,N,N,Y,N,N,N,N,N,N,N,N,N,N,N,N,N,N,N,N,N,N,N,N,N,N,N,N,N,N,N,N,N,N,N,N,N,4,2,3,Recommended,Recommended
22,tert-Butanol [2-Methylpropan-2-ol],-3.74469,-1.25846,1.14292,-2.39924,-1.15615,1,5,25.6,82.3,0.789,12.5,0.39,1.388,10.6,,,,38.0,1.65,0.41,0.68,1.01,0.35,0.18,0.3,0.31,0.6,1.96,0.731,478,T1,11,Class IB,3,29.7,2,6.113,1,,3659,1,6.5,N,,,2,1,1,,CC(O)(C)C,DKGAVHZHDRPRBM-UHFFFAOYSA-N,"InChI=1S/C4H10O/c1-4(2,3)5/h5H,1-3H3",75-65-0,C4H10O,74.122,Viscous at lower temperatures (not preferred for crystallisation).  High melting point.,,,,,N,N,Y,N,N,N,N,N,N,N,N,N,N,N,N,N,N,N,N,N,N,N,N,N,N,N,N,N,N,N,N,N,N,N,N,N,4,3,3,Recommended,Recommended
105,Tetrachloroethene,4.49867,-4.64387,-1.05374,1.25923,-1.60111,2,2,-22.4,119.1,1.614,2.3,0.043,1.506,9.3,9.3,3.2,1.4,,0.0,0.28,0.0,0.0,2.88,0.64,0.44,0.0,0.0,,0.837,677,T1,,Not Assigned,Not Assigned,14.8,1,0.905,0,119,568,,0.21,N,2,80,Not Assigned,,,,ClC(=C(Cl)Cl)Cl,CYTYCFOTNPOANT-UHFFFAOYSA-N,InChI=1S/C2Cl4/c3-1(4)2(5)6,127-18-4,C2Cl4,165.833,,,,,,Y,N,N,Y,N,N,N,N,N,N,N,N,N,N,N,N,N,N,N,N,N,Y,Y,N,N,N,N,N,N,N,N,N,N,N,N,N,4,6,5,Problematic,Problematic
106,Tetrachloromethane [Carbon Tetrachloride],4.51663,-5.58486,-1.10445,-0.143139,-0.045966,2,2,-22.8,76.5,1.584,2.3,0.052,1.46,8.6,8.7,0.0,0.3,0.0,0.0,0.28,0.0,0.0,2.64,0.46,0.38,0.0,0.0,2.82,0.739,982,T1,,Not Assigned,Not Assigned,88.0,2,0.97,0,110,539,,0.78,N,1,4,Not Assigned,,,,ClC(Cl)(Cl)Cl,VZGDMQKNWNREIO-UHFFFAOYSA-N,"InChI=1S/CCl4/c2-1(3,4)5",56-23-5,CCl4,153.823,,Seriously ?  Just don't even think about it !,,,,Y,N,N,N,N,N,N,N,N,N,N,N,N,N,N,N,N,N,N,N,N,Y,Y,N,N,N,N,N,N,N,N,N,N,N,N,N,2,7,10,Hazardous,Highly Hazardous
107,Tetraethylene glycol,-1.86972,10.5113,0.644045,0.341486,1.12206,3,7,-6.2,327.3,1.129,19.7,0.66,1.458,11.6,,,,,3.24,,,,1.38,,,,,,1.529,358,T2,196,Class IIIB,1,0.0,1,58.219,2,309,1935,,,Y,,,Not Assigned,,,,OCCOCCOCCOCCO,UWHCKJMYHZGTIT-UHFFFAOYSA-N,"InChI=1S/C8H18O5/c9-1-3-11-5-7-13-8-6-12-4-2-10/h9-10H,1-8H2",112-60-7,C8H18O5,194.226,,,,,,Y,N,Y,N,N,N,N,N,N,N,N,N,N,N,N,N,N,N,N,Y,N,N,N,N,N,N,N,N,N,N,N,N,N,N,N,N,1,1,7,Problematic,Problematic
152,Tetraethylsulfamide [TES],5.32758,4.98738,1.36201,0.803137,0.624822,4,8,,250.0,1.037,,,1.448,,,,,,,,,,,,,,,,1.716,,Not Assigned,113,Class IIIB,1,,,,,,,,,Not Determined,,,Not Assigned,,,,CCN(S(=O)(=O)N(CC)CC)CC,IYIAWAACGTUPCC-UHFFFAOYSA-N,"InChI=1S/C8H20N2O2S/c1-5-9(6-2)13(11,12)10(7-3)8-4/h5-8H2,1-4H3",2832-49-7,C8H20N2O2S,208.322,,,,,,N,N,N,N,N,N,N,N,N,N,N,N,N,N,N,N,N,N,N,N,N,N,N,N,N,N,N,N,Y,N,N,N,N,N,N,Y,2,5,7,Problematic,Problematic
230,Tetrahydropyran,-0.12567,-1.52095,-2.62929,-1.72474,-1.15191,0,1,-49.0,88.0,0.882,5.7,0.18,1.42,8.8,,,,22.0,1.74,0.51,0.0,0.54,0.82,,,,,,0.763,,Not Assigned,-16,Class IB,3,,,0.868,0,342,1940,,,N,,,Not Assigned,,,,C1CCCOC1,DHXVGJBLRPWPCS-UHFFFAOYSA-N,InChI=1S/C5H10O/c1-2-4-6-5-3-1/h1-5H2,142-68-7,C5H10O,86.132,,,,,,N,N,N,N,N,N,N,N,N,N,N,N,N,N,N,N,N,N,N,Y,N,N,N,N,N,N,N,N,N,N,N,N,N,N,N,N,8,5,5,Hazardous,Hazardous
199,Tetrahydrothiophene,0.977991,-2.72708,-2.69631,2.30842,-1.83147,2,2,-96.2,119.2,0.994,8.6,0.19,1.529,10.0,,,,,1.89,,,,,,,,,,0.727,200,T3,18,Class IB,3,13.9,1,1.745,1,370,1585,,,N,,,Not Assigned,,,,C1CCCS1,RAOIDOHSFRTOEL-UHFFFAOYSA-N,InChI=1S/C4H8S/c1-2-4-5-3-1/h1-4H2,110-01-0,C4H8S,88.171,,,,,,N,N,N,N,N,N,N,N,N,N,N,N,N,N,N,N,N,N,N,N,N,N,N,N,N,N,N,N,Y,Y,N,N,N,N,N,N,5,2,3,Recommended,Recommended
147,Tetrahydrothiophene 1-oxide,-5.21401,4.90404,-2.97795,2.43274,-0.530404,3,3,,236.0,1.168,42.8,,1.521,,,,,,4.17,,0.0,0.8,,,,,,,0.786,,Not Assigned,112,Class IIIB,1,,,,,,,,,Y,,,Not Assigned,,,,O=S1CCCC1,ISXOBTBCNRIIQO-UHFFFAOYSA-N,InChI=1S/C4H8OS/c5-6-3-1-2-4-6/h1-4H2,1600-44-8,C4H8OS,104.171,,,,,,N,N,N,N,N,N,N,N,N,N,N,N,N,N,N,N,N,N,N,N,N,N,N,N,N,N,N,N,Y,N,Y,N,N,N,N,N,2,5,7,Problematic,Problematic
109,Tetralin,6.31115,-1.16539,0.4776,2.81458,-1.74873,2,6,-35.8,205.6,0.966,2.8,0.086,1.541,9.5,,,,,0.61,,,,3.94,,,,,,1.171,384,T2,71,Class IIIA,1,0.3,1,2.203,1,254,1684,,,N,2,100,Not Assigned,,,,C1CCc2c(C1)cccc2,CXWXQJXEFPUFDZ-UHFFFAOYSA-N,"InChI=1S/C10H12/c1-2-6-10-8-4-3-7-9(10)5-1/h1-2,5-6H,3-4,7-8H2",119-64-2,C10H12,132.202,,,,,,N,N,N,N,N,N,N,N,N,N,N,N,N,N,N,N,Y,N,N,N,N,N,N,N,N,N,N,N,N,N,N,N,N,N,N,N,3,6,7,Problematic,Problematic
130,Tetramethoxymethane,1.21158,0.44984,-0.793437,-2.73512,0.336434,0,0,-5.0,114.0,1.023,,,1.385,,,,,,,,,,,,,,,,1.048,,Not Assigned,22,Class IB,3,,,,,,,,,N,,,Not Assigned,,,,COC(OC)(OC)OC,AHJWSRRHTXRLAQ-UHFFFAOYSA-N,"InChI=1S/C5H12O4/c1-6-5(7-2,8-3)9-4/h1-4H3",1850-14-2,C5H12O4,136.146,,,,,,N,N,N,N,N,N,N,N,N,N,N,N,N,N,N,N,N,N,N,Y,N,N,N,N,N,N,N,N,N,N,N,N,N,N,N,N,6,5,5,Problematic,Problematic
108,THF [Tetrahydrofuran],-1.51934,-1.85536,-3.24116,-1.75699,-1.23666,0,1,-108.4,67.0,0.881,7.5,0.207,1.407,9.1,8.2,2.8,3.9,20.5,1.69,0.58,0.0,0.55,0.46,0.29,0.52,0.0,0.48,2.64,0.622,224,T3,-14,Class IB,3,129.6,2,0.487,0,506,1932,1,999.93,Y,2,720,3,1,1,2,C1CCCO1,WYURNTSHIVDZCO-UHFFFAOYSA-N,InChI=1S/C4H8O/c1-2-4-5-3-1/h1-4H2,109-99-9,C4H8O,72.106,,,,"Can be reactive towards strong electrophiles eg sulfonyl chlorides, NBS",,N,N,N,N,N,N,N,N,N,N,N,N,N,N,N,N,N,N,N,Y,N,N,N,N,N,N,N,N,N,N,N,N,N,N,N,N,6,7,5,Problematic,Problematic
198,Thiophene,1.97354,-4.43191,-1.73699,2.78925,-1.51483,2,2,-38.1,84.1,1.059,2.7,0.14,1.529,9.8,,,,,0.56,,,,1.81,0.69,0.56,0.0,0.15,2.82,0.641,395,T2,-7,Class IB,3,63.3,2,0.653,0,315,1367,,,N,,,Not Assigned,,,,c1cccs1,YTPLMLYBLZKORZ-UHFFFAOYSA-N,InChI=1S/C4H4S/c1-2-4-5-3-1/h1-4H,110-02-1,C4H4S,84.14,,,,,,N,N,N,N,N,N,N,N,N,N,N,N,N,N,N,N,Y,N,N,N,N,N,N,N,N,N,N,N,Y,Y,N,N,N,N,N,N,6,3,3,Recommended,Recommended
2,"TMU [1,1,3,3-Tetramethylurea]",-6.42158,11.3027,-2.69706,-2.76249,-2.13088,3,3,-1.2,175.2,0.962,24.5,0.315,1.449,,8.2,4.0,5.4,29.6,3.51,0.83,0.0,0.8,0.19,,,,,,1.028,,Not Assigned,75,Class IIIA,1,,,,,,,,,Y,,,Not Assigned,,,,CN(C(=O)N(C)C)C,AVQQQNCBBIEMEU-UHFFFAOYSA-N,InChI=1S/C5H12N2O/c1-6(2)5(8)7(3)4/h1-4H3,632-22-4,C5H12N2O,116.162,,,,,,N,N,N,N,N,N,N,N,N,N,N,N,N,N,N,N,N,N,N,N,N,N,N,N,N,N,N,N,N,N,N,N,N,Y,N,N,1,9,5,Hazardous,Hazardous
110,Toluene,4.15092,-3.70436,-1.08688,0.97639,-1.41892,2,2,-95.0,110.6,0.862,2.4,0.099,1.47,8.9,8.8,0.7,1.0,0.1,0.38,0.54,0.0,0.11,2.73,0.6,0.52,0.0,0.14,3.33,0.857,536,T1,5,Class IB,3,21.8,2,0.592,0,371,1961,3,1.65,N,2,890,2,1,2,2,Cc1ccccc1,YXFVVABEGXRONW-UHFFFAOYSA-N,"InChI=1S/C7H8/c1-7-5-3-2-4-6-7/h2-6H,1H3",108-88-3,C7H8,92.138,Contains trace quantities of benzene. Static Risk.,,,,,N,N,N,N,N,N,N,N,N,N,N,N,N,N,N,N,Y,N,N,N,N,N,N,N,N,N,N,N,N,N,N,N,N,N,N,N,5,6,3,Problematic,Problematic
258,TPM Glycol Ether [Tripropylene glycol methyl ether],1.57178,9.42668,1.45753,-0.908463,0.824127,4,8,-78.0,243.0,0.966,,,1.43,8.9,7.4,1.7,5.6,,3.57,,,,,,,,,,1.752,277,T3,121,Class IIIB,1,0.0,1,,,,,,,Not Determined,,,Not Assigned,,,,COCC(OCC(OCC(O)C)C)C,HPFDGTFXAVIVTH-UHFFFAOYSA-N,"InChI=1S/C10H22O4/c1-8(11)5-13-10(3)7-14-9(2)6-12-4/h8-11H,5-7H2,1-4H3",25498-49-1,C10H22O4,206.279,Racemic mixture - Could be problematic for asymmetric reactions.,,,,,N,N,Y,N,N,N,N,N,N,N,N,N,N,N,N,N,N,N,N,Y,N,N,N,N,N,N,N,N,N,N,N,N,N,N,N,N,1,1,7,Problematic,Problematic
259,TPnB Glycol Ether [Tripropylene glycol n-butyl ether],4.77199,10.9534,3.7886,-0.925717,1.20125,4,8,-75.0,274.0,0.93,,,,,7.2,0.8,3.9,,,,,,,,,,,,2.175,186,T4,126,Class IIIB,1,,,,,,,,,Not Determined,,,Not Assigned,,,,CCCCOCC(OCC(OCC(O)C)C)C,LORVPHHKJFSORQ-UHFFFAOYSA-N,"InChI=1S/C13H28O4/c1-5-6-7-15-9-12(3)17-10-13(4)16-8-11(2)14/h11-14H,5-10H2,1-4H3",55934-93-5,C13H28O4,248.359,Racemic mixture - Could be problematic for asymmetric reactions.,,,,,N,N,Y,N,N,N,N,N,N,N,N,N,N,N,N,N,N,N,N,Y,N,N,N,N,N,N,N,N,N,N,N,N,N,N,N,N,1,5,7,Problematic,Problematic
272,"Triacetin [1,2,3-triacetoxypropane]",0.478516,8.27183,1.96447,1.5273,4.03999,4,8,4.1,258.0,1.155,7.0,0.299,1.428,10.7,,,,,2.73,,,,0.25,,,,,,1.6,433,T2,138,Class IIIB,1,0.0,1,,,,1522,,,N,,,Not Assigned,,,,CC(=O)OC(COC(=O)C)COC(=O)C,URAYPUMNDPQOKB-UHFFFAOYSA-N,"InChI=1S/C9H14O6/c1-6(10)13-4-9(15-8(3)12)5-14-7(2)11/h9H,4-5H2,1-3H3",102-76-1,C9H14O6,218.204,,,,,,N,N,N,N,N,N,N,N,N,N,N,N,N,N,N,N,N,N,Y,N,N,N,N,N,N,N,N,N,N,N,N,N,N,N,N,N,2,1,7,Problematic,Problematic
111,Tributylamine,9.03947,4.80875,2.88702,-2.02983,-2.92386,4,8,-70.0,213.4,0.774,2.3,0.043,1.429,7.8,,,,50.0,0.76,0.16,0.0,0.62,4.56,,,,,,1.899,210,T3,86,Class IIIA,1,0.1,1,1.408,1,207,2741,,0.14,N,,,Not Assigned,,,,CCCCN(CCCC)CCCC,IMFACGCPASFAPR-UHFFFAOYSA-N,"InChI=1S/C12H27N/c1-4-7-10-13(11-8-5-2)12-9-6-3/h4-12H2,1-3H3",102-82-9,C12H27N,185.349,,,,,,N,N,N,N,N,N,N,N,N,Y,N,N,Y,N,N,Y,N,N,N,N,N,N,N,N,N,N,N,N,N,N,N,N,N,N,N,N,2,9,7,Hazardous,Hazardous
112,Trichloroethene,3.00563,-4.40146,-0.449743,1.31188,-0.778767,2,2,-86.4,87.1,1.464,3.4,0.16,1.477,9.2,8.8,1.5,2.6,,0.9,0.53,0.0,0.0,2.53,0.52,0.37,0.08,0.03,,0.715,410,T2,,Not Assigned,Not Assigned,58.9,2,0.634,0,145,2145,,1.33,N,,,Not Assigned,,,,ClC=C(Cl)Cl,XSTXAVWGXDQKEL-UHFFFAOYSA-N,InChI=1S/C2HCl3/c3-1-2(4)5/h1H,79-01-6,C2HCl3,131.388,,REACH Annex XIV (authorisation) - alternative solvents must be screened,http://echa.europa.eu/web/guest/addressing-chemicals-of-concern/authorisation/recommendation-for-inclusion-in-the-authorisation-list/authorisation-list,,,Y,N,N,Y,N,N,N,N,N,N,N,N,N,N,N,N,N,N,N,N,N,Y,Y,N,N,N,N,N,N,N,N,N,N,N,N,N,4,9,3,Hazardous,Hazardous
138,Triethanolamine,-7.53647,8.01536,5.12255,1.66281,-2.40286,3,7,21.2,335.4,1.12,,,,13.4,,,,,1.08,,,,-1.0,,,,,,1.23,325,T2,180,Class IIIB,1,0.0,1,927.979,3,274,2152,,,Y,,,Not Assigned,,,,OCCN(CCO)CCO,GSEJCLTVZPLZKY-UHFFFAOYSA-N,"InChI=1S/C6H15NO3/c8-4-1-7(2-5-9)3-6-10/h8-10H,1-6H2",102-71-6,C6H15NO3,149.188,Highly viscous (not preferred for crystallisation),,,,,N,N,Y,N,N,N,N,N,N,Y,N,N,Y,N,N,Y,N,N,N,N,N,N,N,N,N,N,N,N,N,N,N,N,N,N,N,N,1,1,5,Recommended,Recommended
174,Triethoxymethane [Triethyl orthoformate],1.62682,2.94909,0.00291251,-2.29583,0.776792,4,8,-61.0,145.0,0.891,,,1.391,,,,,,,,,,,,,,,,1.271,180,T4,35,Class IC,3,,,,,,,,,Not Determined,,,Not Assigned,,,,CCOC(OCC)OCC,GKASDNZWUGIAMG-UHFFFAOYSA-N,"InChI=1S/C7H16O3/c1-4-8-7(9-5-2)10-6-3/h7H,4-6H2,1-3H3",122-51-0,C7H16O3,148.2,,,,,,N,N,N,N,N,N,N,N,N,N,N,N,N,N,N,N,N,N,N,Y,N,N,N,N,N,N,N,N,N,N,N,N,N,N,N,Y,5,1,5,Problematic,Problematic
113,Triethylamine,2.84839,0.21611,-1.415,-3.48401,-3.6093,4,4,-114.7,89.5,0.728,2.5,0.043,1.401,7.4,,,,31.7,0.72,0.14,0.0,0.71,1.45,0.1,0.15,0.0,0.79,3.04,1.054,232,T3,-15,Class IB,3,53.2,2,0.447,0,691,2966,1,169.49,N,,,3,2,2,2,CCN(CC)CC,ZMANZCXQSJIPKH-UHFFFAOYSA-N,"InChI=1S/C6H15N/c1-4-7(5-2)6-3/h4-6H2,1-3H3",121-44-8,C6H15N,101.19,,,,,,N,N,N,N,N,N,N,N,N,Y,N,N,Y,N,N,Y,N,N,N,N,N,N,N,N,N,N,N,N,N,N,N,N,N,N,N,N,6,7,3,Problematic,Hazardous
114,Triethylene Glycol,-4.18826,6.54135,0.427493,0.629685,0.986734,3,7,-4.3,288.0,1.125,23.7,0.7,1.456,12.2,7.8,6.1,9.1,,3.0,,,,-1.33,,,,,,1.189,371,T2,177,Class IIIB,1,0.0,1,46.085,2,268,1951,,1068.05,Y,,,Not Assigned,,,,OCCOCCOCCO,ZIBGPFATKBEMQZ-UHFFFAOYSA-N,"InChI=1S/C6H14O4/c7-1-3-9-5-6-10-4-2-8/h7-8H,1-6H2",112-27-6,C6H14O4,150.173,,,,,,Y,N,Y,N,N,N,N,N,N,N,N,N,N,N,N,N,N,N,N,Y,N,N,N,N,N,N,N,N,N,N,N,N,N,N,N,N,2,1,3,Recommended,Recommended
115,Triglyme [Triethyleneglycol dimethyl ether],-0.755174,9.92438,0.053861,-2.46073,-0.138356,3,7,-43.8,216.0,0.98,7.5,0.253,1.426,9.4,,,,,2.16,,,,,,,,,,1.471,191,T4,110,Class IIIB,1,0.0,1,2.165,1,326,2103,,,Y,,,Not Assigned,,,,COCCOCCOCCOC,YFNKIDBQEZZDLK-UHFFFAOYSA-N,"InChI=1S/C8H18O4/c1-9-3-5-11-7-8-12-6-4-10-2/h3-8H2,1-2H3",112-49-2,C8H18O4,178.226,,REACH Candidate list - consider alternatives,http://echa.europa.eu/web/guest/candidate-list-table,,,Y,N,N,N,N,N,N,N,N,N,N,N,N,N,N,N,N,N,N,Y,N,N,N,N,N,N,N,N,N,N,N,N,N,N,N,N,3,9,7,Hazardous,Hazardous
173,Trimethoxymethane [Trimethyl orthoformate],-1.02058,0.21178,-1.82886,-2.13549,0.881435,0,0,-53.0,101.5,0.963,,,1.379,,,,,,1.7,0.58,0.0,,,,,,,,0.848,255,T3,9,Class IB,3,,,,,478,,,,Not Determined,,,Not Assigned,,,,COC(OC)OC,PYOKUURKVVELLB-UHFFFAOYSA-N,"InChI=1S/C4H10O3/c1-5-4(6-2)7-3/h4H,1-3H3",149-73-5,C4H10O3,106.12,,,,,,N,N,N,N,N,N,N,N,N,N,N,N,N,N,N,N,N,N,N,Y,N,N,N,N,N,N,N,N,N,N,N,N,N,N,N,Y,5,2,3,Recommended,Recommended
116,Water,-17.1145,-8.80606,5.56077,0.126051,0.604298,1,5,0.0,100.0,1.0,78.3,1.0,1.333,23.5,7.6,7.8,20.7,18.0,1.77,1.09,1.17,0.18,,0.0,0.45,0.82,0.35,0.26,0.167,,Not Assigned,,Not Assigned,Not Assigned,18.6,1,1.003,1,2180,4190,,1070.64,Y,,,Not Assigned,,,,O,XLYOFNOQVPJJNP-UHFFFAOYSA-N,InChI=1S/H2O/h1H2,7732-18-5,H2O,18.015,,,,,,N,N,N,N,N,N,N,N,N,N,N,N,N,N,N,N,N,N,N,N,N,N,N,N,N,N,N,N,N,N,N,N,N,N,N,Y,1,1,1,Recommended,Recommended
